{"v":"5.7.4","fr":30,"ip":0,"op":151,"w":500,"h":500,"nm":"App Rating Animation","ddd":0,"assets":[],"layers":[{"ddd":0,"ind":2,"ty":4,"nm":"Stars","sr":1,"ks":{"o":{"a":0,"k":100,"ix":11},"r":{"a":0,"k":0,"ix":10},"p":{"a":0,"k":[291.49,211.773,0],"ix":2,"l":2},"a":{"a":0,"k":[291.49,211.773,0],"ix":1,"l":2},"s":{"a":0,"k":[100,100,100],"ix":6,"l":2}},"ao":0,"ef":[{"ty":5,"nm":"Elastic: Scale - Transform","np":5,"mn":"Pseudo/MDS Elastic Controller","ix":1,"en":1,"ef":[{"ty":0,"nm":"Amplitude","mn":"Pseudo/MDS Elastic Controller-0001","ix":1,"v":{"a":0,"k":20,"ix":1}},{"ty":0,"nm":"Frequency","mn":"Pseudo/MDS Elastic Controller-0002","ix":2,"v":{"a":0,"k":40,"ix":2}},{"ty":0,"nm":"Decay","mn":"Pseudo/MDS Elastic Controller-0003","ix":3,"v":{"a":0,"k":60,"ix":3}}]}],"shapes":[{"ty":"gr","it":[{"ty":"gr","it":[{"ind":0,"ty":"sh","ix":1,"ks":{"a":0,"k":{"i":[[-3.478,6.087],[0,0],[0.135,0.274],[0,0],[0.34,-0.689],[0,0],[0.302,-0.044],[0,0],[-0.55,-0.536],[0,0],[0.052,-0.301],[0,0]],"o":[[0,0],[-0.302,-0.044],[0,0],[-0.34,-0.689],[0,0],[-0.135,0.274],[0,0],[-0.761,0.111],[0,0],[0.219,0.213],[0,0],[9.003,-4.402]],"v":[[12.342,-3.315],[10.242,-3.62],[9.544,-4.127],[5.122,-13.086],[3.459,-13.086],[-0.962,-4.127],[-1.66,-3.62],[-11.547,-2.183],[-12.061,-0.601],[-4.907,6.372],[-4.64,7.193],[-5.74,13.603]],"c":true},"ix":2},"nm":"Path 1","mn":"ADBE Vector Shape - Group","hd":false},{"ty":"fl","c":{"a":0,"k":[0.996078431606,0.882352948189,0.223529413342,1],"ix":4},"o":{"a":0,"k":100,"ix":5},"r":1,"bm":0,"nm":"Fill 1","mn":"ADBE Vector Graphic - Fill","hd":false},{"ty":"tr","p":{"a":0,"k":[374.52,209.511],"ix":2},"a":{"a":0,"k":[0,0],"ix":1},"s":{"a":0,"k":[100,100],"ix":3},"r":{"a":0,"k":0,"ix":6},"o":{"a":0,"k":100,"ix":7},"sk":{"a":0,"k":0,"ix":4},"sa":{"a":0,"k":0,"ix":5},"nm":"Transform"}],"nm":"Group 1","np":2,"cix":2,"bm":0,"ix":1,"mn":"ADBE Vector Group","hd":false},{"ty":"gr","it":[{"ind":0,"ty":"sh","ix":1,"ks":{"a":0,"k":{"i":[[0.27,-0.142],[0,0],[-0.13,0.758],[0,0],[0.219,0.213],[0,0],[-0.761,0.111],[0,0],[-0.135,0.274],[0,0],[-0.34,-0.689],[0,0],[-0.302,-0.044],[0,0],[0.551,-0.536],[0,0],[-0.052,-0.301],[0,0],[0.68,0.358],[0,0]],"o":[[0,0],[-0.68,0.358],[0,0],[0.052,-0.301],[0,0],[-0.55,-0.536],[0,0],[0.302,-0.044],[0,0],[0.34,-0.689],[0,0],[0.135,0.274],[0,0],[0.761,0.111],[0,0],[-0.219,0.213],[0,0],[0.13,0.758],[0,0],[-0.27,-0.142]],"v":[[-0.432,11.106],[-9.274,15.755],[-10.62,14.778],[-8.931,4.931],[-9.198,4.11],[-16.351,-2.863],[-15.837,-4.445],[-5.951,-5.881],[-5.253,-6.388],[-0.832,-15.347],[0.832,-15.347],[5.253,-6.388],[5.951,-5.881],[15.837,-4.445],[16.351,-2.863],[9.198,4.11],[8.931,4.931],[10.62,14.778],[9.274,15.755],[0.432,11.106]],"c":true},"ix":2},"nm":"Path 1","mn":"ADBE Vector Shape - Group","hd":false},{"ty":"fl","c":{"a":0,"k":[0.996078431606,0.764705896378,0,1],"ix":4},"o":{"a":0,"k":100,"ix":5},"r":1,"bm":0,"nm":"Fill 1","mn":"ADBE Vector Graphic - Fill","hd":false},{"ty":"tr","p":{"a":0,"k":[378.811,211.773],"ix":2},"a":{"a":0,"k":[0,0],"ix":1},"s":{"a":0,"k":[100,100],"ix":3},"r":{"a":0,"k":0,"ix":6},"o":{"a":0,"k":100,"ix":7},"sk":{"a":0,"k":0,"ix":4},"sa":{"a":0,"k":0,"ix":5},"nm":"Transform"}],"nm":"Group 2","np":2,"cix":2,"bm":0,"ix":2,"mn":"ADBE Vector Group","hd":false},{"ty":"tr","p":{"a":0,"k":[378.811,211.773],"ix":2},"a":{"a":0,"k":[378.811,211.773],"ix":1},"s":{"k":[{"s":[0,0],"t":50,"i":{"x":[1,1],"y":[1,1]},"o":{"x":[0,0],"y":[0,0]}},{"s":[4.934,4.934],"t":51,"i":{"x":[1,1],"y":[1,1]},"o":{"x":[0,0],"y":[0,0]}},{"s":[25.73,25.73],"t":52,"i":{"x":[1,1],"y":[1,1]},"o":{"x":[0,0],"y":[0,0]}},{"s":[54.505,54.505],"t":53,"i":{"x":[1,1],"y":[1,1]},"o":{"x":[0,0],"y":[0,0]}},{"s":[73.876,73.876],"t":54,"i":{"x":[1,1],"y":[1,1]},"o":{"x":[0,0],"y":[0,0]}},{"s":[85.659,85.659],"t":55,"i":{"x":[1,1],"y":[1,1]},"o":{"x":[0,0],"y":[0,0]}},{"s":[92.886,92.886],"t":56,"i":{"x":[1,1],"y":[1,1]},"o":{"x":[0,0],"y":[0,0]}},{"s":[97.157,97.157],"t":57,"i":{"x":[1,1],"y":[1,1]},"o":{"x":[0,0],"y":[0,0]}},{"s":[99.352,99.352],"t":58,"i":{"x":[1,1],"y":[1,1]},"o":{"x":[0,0],"y":[0,0]}},{"s":[100,100],"t":59,"i":{"x":[1,1],"y":[1,1]},"o":{"x":[0,0],"y":[0,0]}},{"s":[100.081,100.081],"t":60,"i":{"x":[1,1],"y":[1,1]},"o":{"x":[0,0],"y":[0,0]}}]},"r":{"a":0,"k":0,"ix":6},"o":{"a":0,"k":100,"ix":7},"sk":{"a":0,"k":0,"ix":4},"sa":{"a":0,"k":0,"ix":5},"nm":"Transform"}],"nm":"Group 1","np":2,"cix":2,"bm":0,"ix":1,"mn":"ADBE Vector Group","hd":false},{"ty":"gr","it":[{"ty":"gr","it":[{"ind":0,"ty":"sh","ix":1,"ks":{"a":0,"k":{"i":[[-3.478,6.087],[0,0],[0.135,0.274],[0,0],[0.34,-0.689],[0,0],[0.302,-0.044],[0,0],[-0.551,-0.536],[0,0],[0.052,-0.301],[0,0]],"o":[[0,0],[-0.302,-0.044],[0,0],[-0.34,-0.689],[0,0],[-0.135,0.274],[0,0],[-0.761,0.111],[0,0],[0.219,0.213],[0,0],[9.003,-4.402]],"v":[[12.342,-3.315],[10.242,-3.62],[9.544,-4.127],[5.122,-13.086],[3.459,-13.086],[-0.962,-4.127],[-1.661,-3.62],[-11.547,-2.183],[-12.061,-0.601],[-4.907,6.372],[-4.64,7.193],[-5.74,13.603]],"c":true},"ix":2},"nm":"Path 1","mn":"ADBE Vector Shape - Group","hd":false},{"ty":"fl","c":{"a":0,"k":[0.996078431606,0.882352948189,0.223529413342,1],"ix":4},"o":{"a":0,"k":100,"ix":5},"r":1,"bm":0,"nm":"Fill 1","mn":"ADBE Vector Graphic - Fill","hd":false},{"ty":"tr","p":{"a":0,"k":[330.86,209.511],"ix":2},"a":{"a":0,"k":[0,0],"ix":1},"s":{"a":0,"k":[100,100],"ix":3},"r":{"a":0,"k":0,"ix":6},"o":{"a":0,"k":100,"ix":7},"sk":{"a":0,"k":0,"ix":4},"sa":{"a":0,"k":0,"ix":5},"nm":"Transform"}],"nm":"Group 1","np":2,"cix":2,"bm":0,"ix":1,"mn":"ADBE Vector Group","hd":false},{"ty":"gr","it":[{"ind":0,"ty":"sh","ix":1,"ks":{"a":0,"k":{"i":[[0.27,-0.142],[0,0],[-0.13,0.758],[0,0],[0.219,0.213],[0,0],[-0.761,0.111],[0,0],[-0.135,0.274],[0,0],[-0.34,-0.689],[0,0],[-0.302,-0.044],[0,0],[0.55,-0.536],[0,0],[-0.052,-0.301],[0,0],[0.68,0.358],[0,0]],"o":[[0,0],[-0.68,0.358],[0,0],[0.052,-0.301],[0,0],[-0.55,-0.536],[0,0],[0.302,-0.044],[0,0],[0.34,-0.689],[0,0],[0.135,0.274],[0,0],[0.761,0.111],[0,0],[-0.219,0.213],[0,0],[0.13,0.758],[0,0],[-0.27,-0.142]],"v":[[-0.432,11.106],[-9.274,15.755],[-10.62,14.778],[-8.931,4.931],[-9.198,4.11],[-16.351,-2.863],[-15.837,-4.445],[-5.951,-5.881],[-5.253,-6.388],[-0.832,-15.347],[0.832,-15.347],[5.253,-6.388],[5.951,-5.881],[15.837,-4.445],[16.351,-2.863],[9.198,4.11],[8.931,4.931],[10.62,14.778],[9.274,15.755],[0.432,11.106]],"c":true},"ix":2},"nm":"Path 1","mn":"ADBE Vector Shape - Group","hd":false},{"ty":"fl","c":{"a":0,"k":[0.996078431606,0.764705896378,0,1],"ix":4},"o":{"a":0,"k":100,"ix":5},"r":1,"bm":0,"nm":"Fill 1","mn":"ADBE Vector Graphic - Fill","hd":false},{"ty":"tr","p":{"a":0,"k":[335.151,211.773],"ix":2},"a":{"a":0,"k":[0,0],"ix":1},"s":{"a":0,"k":[100,100],"ix":3},"r":{"a":0,"k":0,"ix":6},"o":{"a":0,"k":100,"ix":7},"sk":{"a":0,"k":0,"ix":4},"sa":{"a":0,"k":0,"ix":5},"nm":"Transform"}],"nm":"Group 2","np":2,"cix":2,"bm":0,"ix":2,"mn":"ADBE Vector Group","hd":false},{"ty":"tr","p":{"a":0,"k":[335.151,211.773],"ix":2},"a":{"a":0,"k":[335.151,211.773],"ix":1},"s":{"k":[{"s":[0,0],"t":39,"i":{"x":[1,1],"y":[1,1]},"o":{"x":[0,0],"y":[0,0]}},{"s":[4.934,4.934],"t":40,"i":{"x":[1,1],"y":[1,1]},"o":{"x":[0,0],"y":[0,0]}},{"s":[25.73,25.73],"t":41,"i":{"x":[1,1],"y":[1,1]},"o":{"x":[0,0],"y":[0,0]}},{"s":[54.505,54.505],"t":42,"i":{"x":[1,1],"y":[1,1]},"o":{"x":[0,0],"y":[0,0]}},{"s":[73.876,73.876],"t":43,"i":{"x":[1,1],"y":[1,1]},"o":{"x":[0,0],"y":[0,0]}},{"s":[85.659,85.659],"t":44,"i":{"x":[1,1],"y":[1,1]},"o":{"x":[0,0],"y":[0,0]}},{"s":[92.886,92.886],"t":45,"i":{"x":[1,1],"y":[1,1]},"o":{"x":[0,0],"y":[0,0]}},{"s":[97.157,97.157],"t":46,"i":{"x":[1,1],"y":[1,1]},"o":{"x":[0,0],"y":[0,0]}},{"s":[99.352,99.352],"t":47,"i":{"x":[1,1],"y":[1,1]},"o":{"x":[0,0],"y":[0,0]}},{"s":[100,100],"t":48,"i":{"x":[1,1],"y":[1,1]},"o":{"x":[0,0],"y":[0,0]}},{"s":[100.081,100.081],"t":49,"i":{"x":[1,1],"y":[1,1]},"o":{"x":[0,0],"y":[0,0]}}]},"r":{"a":0,"k":0,"ix":6},"o":{"a":0,"k":100,"ix":7},"sk":{"a":0,"k":0,"ix":4},"sa":{"a":0,"k":0,"ix":5},"nm":"Transform"}],"nm":"Group 2","np":2,"cix":2,"bm":0,"ix":2,"mn":"ADBE Vector Group","hd":false},{"ty":"gr","it":[{"ty":"gr","it":[{"ind":0,"ty":"sh","ix":1,"ks":{"a":0,"k":{"i":[[-3.478,6.087],[0,0],[0.135,0.274],[0,0],[0.34,-0.689],[0,0],[0.302,-0.044],[0,0],[-0.55,-0.536],[0,0],[0.052,-0.301],[0,0]],"o":[[0,0],[-0.302,-0.044],[0,0],[-0.34,-0.689],[0,0],[-0.135,0.274],[0,0],[-0.761,0.111],[0,0],[0.219,0.213],[0,0],[9.003,-4.402]],"v":[[12.342,-3.315],[10.242,-3.62],[9.544,-4.127],[5.122,-13.086],[3.459,-13.086],[-0.962,-4.127],[-1.661,-3.62],[-11.547,-2.183],[-12.061,-0.601],[-4.907,6.372],[-4.64,7.193],[-5.74,13.603]],"c":true},"ix":2},"nm":"Path 1","mn":"ADBE Vector Shape - Group","hd":false},{"ty":"fl","c":{"a":0,"k":[0.996078431606,0.882352948189,0.223529413342,1],"ix":4},"o":{"a":0,"k":100,"ix":5},"r":1,"bm":0,"nm":"Fill 1","mn":"ADBE Vector Graphic - Fill","hd":false},{"ty":"tr","p":{"a":0,"k":[287.2,209.511],"ix":2},"a":{"a":0,"k":[0,0],"ix":1},"s":{"k":[{"s":[100,100],"t":0,"i":{"x":[1,1],"y":[1,1]},"o":{"x":[0,0],"y":[0,0]}},{"s":[100,100],"t":150,"i":{"x":[1,1],"y":[1,1]},"o":{"x":[0,0],"y":[0,0]}}]},"r":{"a":0,"k":0,"ix":6},"o":{"a":0,"k":100,"ix":7},"sk":{"a":0,"k":0,"ix":4},"sa":{"a":0,"k":0,"ix":5},"nm":"Transform"}],"nm":"Group 1","np":2,"cix":2,"bm":0,"ix":1,"mn":"ADBE Vector Group","hd":false},{"ty":"gr","it":[{"ind":0,"ty":"sh","ix":1,"ks":{"a":0,"k":{"i":[[0.27,-0.142],[0,0],[-0.13,0.758],[0,0],[0.219,0.213],[0,0],[-0.761,0.111],[0,0],[-0.135,0.274],[0,0],[-0.34,-0.689],[0,0],[-0.302,-0.044],[0,0],[0.55,-0.536],[0,0],[-0.052,-0.301],[0,0],[0.68,0.358],[0,0]],"o":[[0,0],[-0.68,0.358],[0,0],[0.052,-0.301],[0,0],[-0.55,-0.536],[0,0],[0.302,-0.044],[0,0],[0.34,-0.689],[0,0],[0.135,0.274],[0,0],[0.761,0.111],[0,0],[-0.219,0.213],[0,0],[0.13,0.758],[0,0],[-0.27,-0.142]],"v":[[-0.432,11.106],[-9.274,15.755],[-10.62,14.778],[-8.931,4.931],[-9.198,4.11],[-16.351,-2.863],[-15.837,-4.445],[-5.951,-5.881],[-5.253,-6.388],[-0.832,-15.347],[0.832,-15.347],[5.253,-6.388],[5.951,-5.881],[15.837,-4.445],[16.351,-2.863],[9.198,4.11],[8.931,4.931],[10.62,14.778],[9.274,15.755],[0.432,11.106]],"c":true},"ix":2},"nm":"Path 1","mn":"ADBE Vector Shape - Group","hd":false},{"ty":"fl","c":{"a":0,"k":[0.996078431606,0.764705896378,0,1],"ix":4},"o":{"a":0,"k":100,"ix":5},"r":1,"bm":0,"nm":"Fill 1","mn":"ADBE Vector Graphic - Fill","hd":false},{"ty":"tr","p":{"a":0,"k":[291.49,211.773],"ix":2},"a":{"a":0,"k":[0,0],"ix":1},"s":{"k":[{"s":[100,100],"t":0,"i":{"x":[1,1],"y":[1,1]},"o":{"x":[0,0],"y":[0,0]}},{"s":[100,100],"t":150,"i":{"x":[1,1],"y":[1,1]},"o":{"x":[0,0],"y":[0,0]}}]},"r":{"a":0,"k":0,"ix":6},"o":{"a":0,"k":100,"ix":7},"sk":{"a":0,"k":0,"ix":4},"sa":{"a":0,"k":0,"ix":5},"nm":"Transform"}],"nm":"Group 2","np":2,"cix":2,"bm":0,"ix":2,"mn":"ADBE Vector Group","hd":false},{"ty":"tr","p":{"a":0,"k":[291.49,211.773],"ix":2},"a":{"a":0,"k":[291.49,211.773],"ix":1},"s":{"k":[{"s":[0,0],"t":30,"i":{"x":[1,1],"y":[1,1]},"o":{"x":[0,0],"y":[0,0]}},{"s":[8.914,8.914],"t":31,"i":{"x":[1,1],"y":[1,1]},"o":{"x":[0,0],"y":[0,0]}},{"s":[42.962,42.962],"t":32,"i":{"x":[1,1],"y":[1,1]},"o":{"x":[0,0],"y":[0,0]}},{"s":[71.668,71.668],"t":33,"i":{"x":[1,1],"y":[1,1]},"o":{"x":[0,0],"y":[0,0]}},{"s":[86.922,86.922],"t":34,"i":{"x":[1,1],"y":[1,1]},"o":{"x":[0,0],"y":[0,0]}},{"s":[95.016,95.016],"t":35,"i":{"x":[1,1],"y":[1,1]},"o":{"x":[0,0],"y":[0,0]}},{"s":[98.901,98.901],"t":36,"i":{"x":[1,1],"y":[1,1]},"o":{"x":[0,0],"y":[0,0]}},{"s":[100,100],"t":37,"i":{"x":[1,1],"y":[1,1]},"o":{"x":[0,0],"y":[0,0]}},{"s":[100.135,100.135],"t":38,"i":{"x":[1,1],"y":[1,1]},"o":{"x":[0,0],"y":[0,0]}},{"s":[100.212,100.212],"t":39,"i":{"x":[1,1],"y":[1,1]},"o":{"x":[0,0],"y":[0,0]}},{"s":[100.136,100.136],"t":44,"i":{"x":[1,1],"y":[1,1]},"o":{"x":[0,0],"y":[0,0]}},{"s":[100.058,100.058],"t":46,"i":{"x":[1,1],"y":[1,1]},"o":{"x":[0,0],"y":[0,0]}}]},"r":{"a":0,"k":0,"ix":6},"o":{"a":0,"k":100,"ix":7},"sk":{"a":0,"k":0,"ix":4},"sa":{"a":0,"k":0,"ix":5},"nm":"Transform"}],"nm":"Group 3","np":2,"cix":2,"bm":0,"ix":3,"mn":"ADBE Vector Group","hd":false},{"ty":"gr","it":[{"ty":"gr","it":[{"ind":0,"ty":"sh","ix":1,"ks":{"a":0,"k":{"i":[[-3.478,6.087],[0,0],[0.135,0.274],[0,0],[0.34,-0.689],[0,0],[0.302,-0.044],[0,0],[-0.551,-0.536],[0,0],[0.052,-0.301],[0,0]],"o":[[0,0],[-0.302,-0.044],[0,0],[-0.34,-0.689],[0,0],[-0.135,0.274],[0,0],[-0.761,0.111],[0,0],[0.219,0.213],[0,0],[9.003,-4.402]],"v":[[12.342,-3.315],[10.242,-3.62],[9.544,-4.127],[5.122,-13.086],[3.459,-13.086],[-0.962,-4.127],[-1.66,-3.62],[-11.547,-2.183],[-12.061,-0.601],[-4.907,6.372],[-4.64,7.193],[-5.74,13.603]],"c":true},"ix":2},"nm":"Path 1","mn":"ADBE Vector Shape - Group","hd":false},{"ty":"fl","c":{"a":0,"k":[0.996078431606,0.882352948189,0.223529413342,1],"ix":4},"o":{"a":0,"k":100,"ix":5},"r":1,"bm":0,"nm":"Fill 1","mn":"ADBE Vector Graphic - Fill","hd":false},{"ty":"tr","p":{"a":0,"k":[243.539,209.511],"ix":2},"a":{"a":0,"k":[0,0],"ix":1},"s":{"a":0,"k":[100,100],"ix":3},"r":{"a":0,"k":0,"ix":6},"o":{"a":0,"k":100,"ix":7},"sk":{"a":0,"k":0,"ix":4},"sa":{"a":0,"k":0,"ix":5},"nm":"Transform"}],"nm":"Group 1","np":2,"cix":2,"bm":0,"ix":1,"mn":"ADBE Vector Group","hd":false},{"ty":"gr","it":[{"ind":0,"ty":"sh","ix":1,"ks":{"a":0,"k":{"i":[[0.27,-0.142],[0,0],[-0.13,0.758],[0,0],[0.219,0.213],[0,0],[-0.761,0.111],[0,0],[-0.135,0.274],[0,0],[-0.34,-0.689],[0,0],[-0.302,-0.044],[0,0],[0.551,-0.536],[0,0],[-0.052,-0.301],[0,0],[0.68,0.358],[0,0]],"o":[[0,0],[-0.68,0.358],[0,0],[0.052,-0.301],[0,0],[-0.55,-0.536],[0,0],[0.302,-0.044],[0,0],[0.34,-0.689],[0,0],[0.135,0.274],[0,0],[0.761,0.111],[0,0],[-0.219,0.213],[0,0],[0.13,0.758],[0,0],[-0.27,-0.142]],"v":[[-0.432,11.106],[-9.274,15.755],[-10.62,14.778],[-8.931,4.931],[-9.198,4.11],[-16.351,-2.863],[-15.837,-4.445],[-5.951,-5.881],[-5.253,-6.388],[-0.832,-15.347],[0.832,-15.347],[5.253,-6.388],[5.951,-5.881],[15.837,-4.445],[16.351,-2.863],[9.198,4.11],[8.931,4.931],[10.62,14.778],[9.274,15.755],[0.432,11.106]],"c":true},"ix":2},"nm":"Path 1","mn":"ADBE Vector Shape - Group","hd":false},{"ty":"fl","c":{"a":0,"k":[0.996078431606,0.764705896378,0,1],"ix":4},"o":{"a":0,"k":100,"ix":5},"r":1,"bm":0,"nm":"Fill 1","mn":"ADBE Vector Graphic - Fill","hd":false},{"ty":"tr","p":{"a":0,"k":[247.83,211.773],"ix":2},"a":{"a":0,"k":[0,0],"ix":1},"s":{"a":0,"k":[100,100],"ix":3},"r":{"a":0,"k":0,"ix":6},"o":{"a":0,"k":100,"ix":7},"sk":{"a":0,"k":0,"ix":4},"sa":{"a":0,"k":0,"ix":5},"nm":"Transform"}],"nm":"Group 2","np":2,"cix":2,"bm":0,"ix":2,"mn":"ADBE Vector Group","hd":false},{"ty":"tr","p":{"a":0,"k":[247.83,211.773],"ix":2},"a":{"a":0,"k":[247.83,211.773],"ix":1},"s":{"k":[{"s":[0,0],"t":23,"i":{"x":[1,1],"y":[1,1]},"o":{"x":[0,0],"y":[0,0]}},{"s":[20.104,20.104],"t":24,"i":{"x":[1,1],"y":[1,1]},"o":{"x":[0,0],"y":[0,0]}},{"s":[67.27,67.27],"t":25,"i":{"x":[1,1],"y":[1,1]},"o":{"x":[0,0],"y":[0,0]}},{"s":[88.984,88.984],"t":26,"i":{"x":[1,1],"y":[1,1]},"o":{"x":[0,0],"y":[0,0]}},{"s":[97.742,97.742],"t":27,"i":{"x":[1,1],"y":[1,1]},"o":{"x":[0,0],"y":[0,0]}},{"s":[100,100],"t":28,"i":{"x":[1,1],"y":[1,1]},"o":{"x":[0,0],"y":[0,0]}},{"s":[100.265,100.265],"t":29,"i":{"x":[1,1],"y":[1,1]},"o":{"x":[0,0],"y":[0,0]}},{"s":[100.417,100.417],"t":30,"i":{"x":[1,1],"y":[1,1]},"o":{"x":[0,0],"y":[0,0]}},{"s":[100.352,100.352],"t":34,"i":{"x":[1,1],"y":[1,1]},"o":{"x":[0,0],"y":[0,0]}},{"s":[100.269,100.269],"t":35,"i":{"x":[1,1],"y":[1,1]},"o":{"x":[0,0],"y":[0,0]}},{"s":[100.187,100.187],"t":36,"i":{"x":[1,1],"y":[1,1]},"o":{"x":[0,0],"y":[0,0]}},{"s":[100.114,100.114],"t":37,"i":{"x":[1,1],"y":[1,1]},"o":{"x":[0,0],"y":[0,0]}},{"s":[100.054,100.054],"t":38,"i":{"x":[1,1],"y":[1,1]},"o":{"x":[0,0],"y":[0,0]}},{"s":[99.959,99.959],"t":41,"i":{"x":[1,1],"y":[1,1]},"o":{"x":[0,0],"y":[0,0]}}]},"r":{"a":0,"k":0,"ix":6},"o":{"a":0,"k":100,"ix":7},"sk":{"a":0,"k":0,"ix":4},"sa":{"a":0,"k":0,"ix":5},"nm":"Transform"}],"nm":"Group 4","np":2,"cix":2,"bm":0,"ix":4,"mn":"ADBE Vector Group","hd":false},{"ty":"gr","it":[{"ty":"gr","it":[{"ty":"gr","it":[{"ind":0,"ty":"sh","ix":1,"ks":{"a":0,"k":{"i":[[-3.478,6.087],[0,0],[0.135,0.274],[0,0],[0.34,-0.689],[0,0],[0.302,-0.044],[0,0],[-0.551,-0.536],[0,0],[0.051,-0.301],[0,0]],"o":[[0,0],[-0.302,-0.044],[0,0],[-0.34,-0.689],[0,0],[-0.135,0.274],[0,0],[-0.761,0.111],[0,0],[0.219,0.213],[0,0],[9.003,-4.402]],"v":[[12.342,-3.315],[10.242,-3.62],[9.544,-4.127],[5.122,-13.086],[3.459,-13.086],[-0.962,-4.127],[-1.66,-3.62],[-11.547,-2.183],[-12.061,-0.601],[-4.907,6.372],[-4.64,7.193],[-5.74,13.603]],"c":true},"ix":2},"nm":"Path 1","mn":"ADBE Vector Shape - Group","hd":false},{"ty":"fl","c":{"a":0,"k":[0.996078431606,0.882352948189,0.223529413342,1],"ix":4},"o":{"a":0,"k":100,"ix":5},"r":1,"bm":0,"nm":"Fill 1","mn":"ADBE Vector Graphic - Fill","hd":false},{"ty":"tr","p":{"a":0,"k":[199.879,209.511],"ix":2},"a":{"a":0,"k":[0,0],"ix":1},"s":{"a":0,"k":[100,100],"ix":3},"r":{"a":0,"k":0,"ix":6},"o":{"a":0,"k":100,"ix":7},"sk":{"a":0,"k":0,"ix":4},"sa":{"a":0,"k":0,"ix":5},"nm":"Transform"}],"nm":"Group 1","np":2,"cix":2,"bm":0,"ix":1,"mn":"ADBE Vector Group","hd":false},{"ty":"gr","it":[{"ind":0,"ty":"sh","ix":1,"ks":{"a":0,"k":{"i":[[0.27,-0.142],[0,0],[-0.13,0.758],[0,0],[0.219,0.213],[0,0],[-0.761,0.111],[0,0],[-0.135,0.274],[0,0],[-0.34,-0.689],[0,0],[-0.302,-0.044],[0,0],[0.55,-0.536],[0,0],[-0.052,-0.301],[0,0],[0.68,0.358],[0,0]],"o":[[0,0],[-0.68,0.358],[0,0],[0.052,-0.301],[0,0],[-0.55,-0.536],[0,0],[0.302,-0.044],[0,0],[0.34,-0.689],[0,0],[0.135,0.274],[0,0],[0.761,0.111],[0,0],[-0.218,0.213],[0,0],[0.13,0.758],[0,0],[-0.27,-0.142]],"v":[[-0.432,11.106],[-9.274,15.755],[-10.62,14.778],[-8.931,4.931],[-9.198,4.11],[-16.351,-2.863],[-15.837,-4.445],[-5.951,-5.881],[-5.253,-6.388],[-0.832,-15.347],[0.832,-15.347],[5.253,-6.388],[5.951,-5.881],[15.837,-4.445],[16.351,-2.863],[9.198,4.11],[8.931,4.931],[10.62,14.778],[9.274,15.755],[0.432,11.106]],"c":true},"ix":2},"nm":"Path 1","mn":"ADBE Vector Shape - Group","hd":false},{"ty":"fl","c":{"a":0,"k":[0.996078431606,0.764705896378,0,1],"ix":4},"o":{"a":0,"k":100,"ix":5},"r":1,"bm":0,"nm":"Fill 1","mn":"ADBE Vector Graphic - Fill","hd":false},{"ty":"tr","p":{"a":0,"k":[204.17,211.773],"ix":2},"a":{"a":0,"k":[0,0],"ix":1},"s":{"a":0,"k":[100,100],"ix":3},"r":{"a":0,"k":0,"ix":6},"o":{"a":0,"k":100,"ix":7},"sk":{"a":0,"k":0,"ix":4},"sa":{"a":0,"k":0,"ix":5},"nm":"Transform"}],"nm":"Group 2","np":2,"cix":2,"bm":0,"ix":2,"mn":"ADBE Vector Group","hd":false},{"ty":"tr","p":{"a":0,"k":[204.17,211.773],"ix":2},"a":{"a":0,"k":[204.17,211.773],"ix":1},"s":{"a":0,"k":[100,100],"ix":3},"r":{"a":0,"k":0,"ix":6},"o":{"a":0,"k":100,"ix":7},"sk":{"a":0,"k":0,"ix":4},"sa":{"a":0,"k":0,"ix":5},"nm":"Transform"}],"nm":"Group 5","np":2,"cix":2,"bm":0,"ix":1,"mn":"ADBE Vector Group","hd":false},{"ty":"tr","p":{"a":0,"k":[204.17,211.773],"ix":2},"a":{"a":0,"k":[204.17,211.773],"ix":1},"s":{"k":[{"s":[0,0],"t":15,"i":{"x":[1,1],"y":[1,1]},"o":{"x":[0,0],"y":[0,0]}},{"s":[20.104,20.104],"t":16,"i":{"x":[1,1],"y":[1,1]},"o":{"x":[0,0],"y":[0,0]}},{"s":[67.27,67.27],"t":17,"i":{"x":[1,1],"y":[1,1]},"o":{"x":[0,0],"y":[0,0]}},{"s":[88.984,88.984],"t":18,"i":{"x":[1,1],"y":[1,1]},"o":{"x":[0,0],"y":[0,0]}},{"s":[97.742,97.742],"t":19,"i":{"x":[1,1],"y":[1,1]},"o":{"x":[0,0],"y":[0,0]}},{"s":[100,100],"t":20,"i":{"x":[1,1],"y":[1,1]},"o":{"x":[0,0],"y":[0,0]}},{"s":[100.265,100.265],"t":21,"i":{"x":[1,1],"y":[1,1]},"o":{"x":[0,0],"y":[0,0]}},{"s":[100.417,100.417],"t":22,"i":{"x":[1,1],"y":[1,1]},"o":{"x":[0,0],"y":[0,0]}},{"s":[100.352,100.352],"t":26,"i":{"x":[1,1],"y":[1,1]},"o":{"x":[0,0],"y":[0,0]}},{"s":[100.269,100.269],"t":27,"i":{"x":[1,1],"y":[1,1]},"o":{"x":[0,0],"y":[0,0]}},{"s":[100.187,100.187],"t":28,"i":{"x":[1,1],"y":[1,1]},"o":{"x":[0,0],"y":[0,0]}},{"s":[100.114,100.114],"t":29,"i":{"x":[1,1],"y":[1,1]},"o":{"x":[0,0],"y":[0,0]}},{"s":[100.054,100.054],"t":30,"i":{"x":[1,1],"y":[1,1]},"o":{"x":[0,0],"y":[0,0]}},{"s":[99.959,99.959],"t":33,"i":{"x":[1,1],"y":[1,1]},"o":{"x":[0,0],"y":[0,0]}}]},"r":{"a":0,"k":0,"ix":6},"o":{"a":0,"k":100,"ix":7},"sk":{"a":0,"k":0,"ix":4},"sa":{"a":0,"k":0,"ix":5},"nm":"Transform"}],"nm":"Group 5","np":1,"cix":2,"bm":0,"ix":5,"mn":"ADBE Vector Group","hd":false}],"ip":0,"op":300,"st":0,"bm":0},{"ddd":0,"ind":3,"ty":4,"nm":"Boy","sr":1,"ks":{"o":{"a":0,"k":100,"ix":11},"r":{"a":0,"k":0,"ix":10},"p":{"a":0,"k":[120.82,273.604,0],"ix":2,"l":2},"a":{"a":0,"k":[119.82,272.604,0],"ix":1,"l":2},"s":{"k":[{"s":[0,0,100],"t":20,"i":{"x":[1,1,1],"y":[1,1,1]},"o":{"x":[0,0,0],"y":[0,0,0]}},{"s":[10.4,10.4,100],"t":21,"i":{"x":[1,1,1],"y":[1,1,1]},"o":{"x":[0,0,0],"y":[0,0,0]}},{"s":[35.2,35.2,100],"t":22,"i":{"x":[1,1,1],"y":[1,1,1]},"o":{"x":[0,0,0],"y":[0,0,0]}},{"s":[64.8,64.8,100],"t":23,"i":{"x":[1,1,1],"y":[1,1,1]},"o":{"x":[0,0,0],"y":[0,0,0]}},{"s":[89.6,89.6,100],"t":24,"i":{"x":[1,1,1],"y":[1,1,1]},"o":{"x":[0,0,0],"y":[0,0,0]}},{"s":[100,100,100],"t":25,"i":{"x":[1,1,1],"y":[1,1,1]},"o":{"x":[0,0,0],"y":[0,0,0]}},{"s":[101.579,101.579,100],"t":26,"i":{"x":[1,1,1],"y":[1,1,1]},"o":{"x":[0,0,0],"y":[0,0,0]}},{"s":[102.485,102.485,100],"t":27,"i":{"x":[1,1,1],"y":[1,1,1]},"o":{"x":[0,0,0],"y":[0,0,0]}},{"s":[102.853,102.853,100],"t":28,"i":{"x":[1,1,1],"y":[1,1,1]},"o":{"x":[0,0,0],"y":[0,0,0]}},{"s":[102.825,102.825,100],"t":29,"i":{"x":[1,1,1],"y":[1,1,1]},"o":{"x":[0,0,0],"y":[0,0,0]}},{"s":[102.534,102.534,100],"t":30,"i":{"x":[1,1,1],"y":[1,1,1]},"o":{"x":[0,0,0],"y":[0,0,0]}},{"s":[102.095,102.095,100],"t":31,"i":{"x":[1,1,1],"y":[1,1,1]},"o":{"x":[0,0,0],"y":[0,0,0]}},{"s":[101.599,101.599,100],"t":32,"i":{"x":[1,1,1],"y":[1,1,1]},"o":{"x":[0,0,0],"y":[0,0,0]}},{"s":[101.113,101.113,100],"t":33,"i":{"x":[1,1,1],"y":[1,1,1]},"o":{"x":[0,0,0],"y":[0,0,0]}},{"s":[100.68,100.68,100],"t":34,"i":{"x":[1,1,1],"y":[1,1,1]},"o":{"x":[0,0,0],"y":[0,0,0]}},{"s":[100.324,100.324,100],"t":35,"i":{"x":[1,1,1],"y":[1,1,1]},"o":{"x":[0,0,0],"y":[0,0,0]}},{"s":[100.054,100.054,100],"t":36,"i":{"x":[1,1,1],"y":[1,1,1]},"o":{"x":[0,0,0],"y":[0,0,0]}},{"s":[99.868,99.868,100],"t":37,"i":{"x":[1,1,1],"y":[1,1,1]},"o":{"x":[0,0,0],"y":[0,0,0]}},{"s":[99.756,99.756,100],"t":38,"i":{"x":[1,1,1],"y":[1,1,1]},"o":{"x":[0,0,0],"y":[0,0,0]}},{"s":[99.818,99.818,100],"t":43,"i":{"x":[1,1,1],"y":[1,1,1]},"o":{"x":[0,0,0],"y":[0,0,0]}},{"s":[99.918,99.918,100],"t":45,"i":{"x":[1,1,1],"y":[1,1,1]},"o":{"x":[0,0,0],"y":[0,0,0]}},{"s":[100.01,100.01,100],"t":48,"i":{"x":[1,1,1],"y":[1,1,1]},"o":{"x":[0,0,0],"y":[0,0,0]}}],"l":2}},"ao":0,"hasMask":true,"masksProperties":[{"inv":false,"mode":"a","pt":{"a":0,"k":{"i":[[0,-20.711],[20.711,0],[0,20.711],[-20.711,0]],"o":[[0,20.711],[-20.711,0],[0,-20.711],[20.711,0]],"v":[[157.32,235.104],[119.82,272.604],[82.32,235.104],[119.82,197.604]],"c":true},"ix":1},"o":{"a":0,"k":100,"ix":3},"x":{"a":0,"k":0,"ix":4},"nm":"Mask 1"}],"ef":[{"ty":5,"nm":"Elastic: Scale","np":5,"mn":"Pseudo/MDS Elastic Controller","ix":1,"en":1,"ef":[{"ty":0,"nm":"Amplitude","mn":"Pseudo/MDS Elastic Controller-0001","ix":1,"v":{"a":0,"k":20,"ix":1}},{"ty":0,"nm":"Frequency","mn":"Pseudo/MDS Elastic Controller-0002","ix":2,"v":{"a":0,"k":40,"ix":2}},{"ty":0,"nm":"Decay","mn":"Pseudo/MDS Elastic Controller-0003","ix":3,"v":{"a":0,"k":60,"ix":3}}]}],"shapes":[{"ty":"gr","it":[{"ty":"gr","it":[{"ind":0,"ty":"sh","ix":1,"ks":{"a":1,"k":[{"i":{"x":0.22,"y":1},"o":{"x":0.333,"y":0},"t":46,"s":[{"i":[[0,0],[2.473,0],[0,2.473]],"o":[[0,2.473],[-2.473,0],[0,0]],"v":[[4.478,-2.239],[0,2.239],[-4.478,-2.239]],"c":true}]},{"i":{"x":0.22,"y":1},"o":{"x":0.333,"y":0},"t":75,"s":[{"i":[[0,0],[2.473,0],[0,2.473]],"o":[[-0.441,2.387],[-2.473,0],[0,0]],"v":[[5.353,-1.614],[0,2.239],[-5.478,-1.864]],"c":true}]},{"t":105,"s":[{"i":[[0,0],[2.473,0],[0,2.473]],"o":[[0,2.473],[-2.473,0],[0,0]],"v":[[4.478,-2.239],[0,2.239],[-4.478,-2.239]],"c":true}]}],"ix":2},"nm":"Path 1","mn":"ADBE Vector Shape - Group","hd":false},{"ty":"fl","c":{"a":0,"k":[0.996078431606,0.384313732386,0.290196090937,1],"ix":4},"o":{"a":0,"k":100,"ix":5},"r":1,"bm":0,"nm":"Fill 1","mn":"ADBE Vector Graphic - Fill","hd":false},{"ty":"tr","p":{"a":0,"k":[119.963,247.977],"ix":2},"a":{"a":0,"k":[0,0],"ix":1},"s":{"a":0,"k":[100,100],"ix":3},"r":{"a":0,"k":0,"ix":6},"o":{"a":0,"k":100,"ix":7},"sk":{"a":0,"k":0,"ix":4},"sa":{"a":0,"k":0,"ix":5},"nm":"Transform"}],"nm":"Group 1","np":2,"cix":2,"bm":0,"ix":1,"mn":"ADBE Vector Group","hd":false},{"ty":"gr","it":[{"ty":"gr","it":[{"ind":0,"ty":"sh","ix":1,"ks":{"a":0,"k":{"i":[[0,-1.683],[1.683,0],[0,1.683],[-1.683,0]],"o":[[0,1.683],[-1.683,0],[0,-1.683],[1.683,0]],"v":[[3.047,0],[0,3.047],[-3.047,0],[0,-3.047]],"c":true},"ix":2},"nm":"Path 1","mn":"ADBE Vector Shape - Group","hd":false},{"ty":"fl","c":{"a":0,"k":[0.996078431606,0.572549045086,0.43137255311,1],"ix":4},"o":{"a":0,"k":100,"ix":5},"r":1,"bm":0,"nm":"Fill 1","mn":"ADBE Vector Graphic - Fill","hd":false},{"ty":"tr","p":{"a":0,"k":[128.794,240.638],"ix":2},"a":{"a":0,"k":[0,0],"ix":1},"s":{"a":0,"k":[100,100],"ix":3},"r":{"a":0,"k":0,"ix":6},"o":{"a":0,"k":100,"ix":7},"sk":{"a":0,"k":0,"ix":4},"sa":{"a":0,"k":0,"ix":5},"nm":"Transform"}],"nm":"Group 1","np":2,"cix":2,"bm":0,"ix":1,"mn":"ADBE Vector Group","hd":false},{"ty":"gr","it":[{"ind":0,"ty":"sh","ix":1,"ks":{"a":0,"k":{"i":[[0,-1.683],[1.683,0],[0,1.683],[-1.683,0]],"o":[[0,1.683],[-1.683,0],[0,-1.683],[1.683,0]],"v":[[3.047,0],[0,3.047],[-3.047,0],[0,-3.047]],"c":true},"ix":2},"nm":"Path 1","mn":"ADBE Vector Shape - Group","hd":false},{"ty":"fl","c":{"a":0,"k":[0.996078431606,0.572549045086,0.43137255311,1],"ix":4},"o":{"a":0,"k":100,"ix":5},"r":1,"bm":0,"nm":"Fill 1","mn":"ADBE Vector Graphic - Fill","hd":false},{"ty":"tr","p":{"a":0,"k":[110.847,240.638],"ix":2},"a":{"a":0,"k":[0,0],"ix":1},"s":{"a":0,"k":[100,100],"ix":3},"r":{"a":0,"k":0,"ix":6},"o":{"a":0,"k":100,"ix":7},"sk":{"a":0,"k":0,"ix":4},"sa":{"a":0,"k":0,"ix":5},"nm":"Transform"}],"nm":"Group 2","np":2,"cix":2,"bm":0,"ix":2,"mn":"ADBE Vector Group","hd":false},{"ty":"tr","p":{"a":1,"k":[{"i":{"x":0.22,"y":1},"o":{"x":0.333,"y":0},"t":52,"s":[110.847,240.638],"to":[0,-0.063],"ti":[0,0.063]},{"t":87,"s":[110.847,240.263]}],"ix":2},"a":{"a":0,"k":[110.847,240.638],"ix":1},"s":{"a":0,"k":[100,100],"ix":3},"r":{"a":0,"k":0,"ix":6},"o":{"a":0,"k":100,"ix":7},"sk":{"a":0,"k":0,"ix":4},"sa":{"a":0,"k":0,"ix":5},"nm":"Transform"}],"nm":"Group 2","np":2,"cix":2,"bm":0,"ix":2,"mn":"ADBE Vector Group","hd":false},{"ty":"gr","it":[{"ind":0,"ty":"sh","ix":1,"ks":{"a":0,"k":{"i":[[0.979,0],[0,0],[0,0.979],[0,0],[-0.979,0],[0,0],[0,-0.979],[0,0]],"o":[[0,0],[-0.979,0],[0,0],[0,-0.979],[0,0],[0.979,0],[0,0],[0,0.979]],"v":[[0,4.027],[0,4.027],[-1.772,2.254],[-1.772,-2.254],[0,-4.027],[0,-4.027],[1.772,-2.254],[1.772,2.254]],"c":true},"ix":2},"nm":"Path 1","mn":"ADBE Vector Shape - Group","hd":false},{"ty":"fl","c":{"a":0,"k":[0.956862747669,0.556862771511,0.411764711142,1],"ix":4},"o":{"a":0,"k":100,"ix":5},"r":1,"bm":0,"nm":"Fill 1","mn":"ADBE Vector Graphic - Fill","hd":false},{"ty":"tr","p":{"a":0,"k":[119.497,239.659],"ix":2},"a":{"a":0,"k":[0,0],"ix":1},"s":{"a":0,"k":[100,100],"ix":3},"r":{"a":0,"k":0,"ix":6},"o":{"a":0,"k":100,"ix":7},"sk":{"a":0,"k":0,"ix":4},"sa":{"a":0,"k":0,"ix":5},"nm":"Transform"}],"nm":"Group 3","np":2,"cix":2,"bm":0,"ix":3,"mn":"ADBE Vector Group","hd":false},{"ty":"gr","it":[{"ty":"gr","it":[{"ind":0,"ty":"sh","ix":1,"ks":{"a":0,"k":{"i":[[0,-0.584],[0.584,0],[0,0.584],[-0.584,0]],"o":[[0,0.584],[-0.584,0],[0,-0.584],[0.584,0]],"v":[[1.057,0],[0,1.057],[-1.057,0],[0,-1.057]],"c":true},"ix":2},"nm":"Path 1","mn":"ADBE Vector Shape - Group","hd":false},{"ty":"fl","c":{"a":0,"k":[0.250980407,0.188235297799,0.490196079016,1],"ix":4},"o":{"a":0,"k":100,"ix":5},"r":1,"bm":0,"nm":"Fill 1","mn":"ADBE Vector Graphic - Fill","hd":false},{"ty":"tr","p":{"a":0,"k":[127.084,234.73],"ix":2},"a":{"a":0,"k":[0,0],"ix":1},"s":{"a":0,"k":[100,100],"ix":3},"r":{"a":0,"k":0,"ix":6},"o":{"a":0,"k":100,"ix":7},"sk":{"a":0,"k":0,"ix":4},"sa":{"a":0,"k":0,"ix":5},"nm":"Transform"}],"nm":"Group 1","np":2,"cix":2,"bm":0,"ix":1,"mn":"ADBE Vector Group","hd":false},{"ty":"gr","it":[{"ind":0,"ty":"sh","ix":1,"ks":{"a":0,"k":{"i":[[0,-0.584],[0.584,0],[0,0.584],[-0.584,0]],"o":[[0,0.584],[-0.584,0],[0,-0.584],[0.584,0]],"v":[[1.057,0],[0,1.057],[-1.057,0],[0,-1.057]],"c":true},"ix":2},"nm":"Path 1","mn":"ADBE Vector Shape - Group","hd":false},{"ty":"fl","c":{"a":0,"k":[0.250980407,0.188235297799,0.490196079016,1],"ix":4},"o":{"a":0,"k":100,"ix":5},"r":1,"bm":0,"nm":"Fill 1","mn":"ADBE Vector Graphic - Fill","hd":false},{"ty":"tr","p":{"a":0,"k":[112.531,234.73],"ix":2},"a":{"a":0,"k":[0,0],"ix":1},"s":{"a":0,"k":[100,100],"ix":3},"r":{"a":0,"k":0,"ix":6},"o":{"a":0,"k":100,"ix":7},"sk":{"a":0,"k":0,"ix":4},"sa":{"a":0,"k":0,"ix":5},"nm":"Transform"}],"nm":"Group 2","np":2,"cix":2,"bm":0,"ix":2,"mn":"ADBE Vector Group","hd":false},{"ty":"tr","p":{"a":1,"k":[{"i":{"x":0.22,"y":1},"o":{"x":0.333,"y":0},"t":52,"s":[112.531,234.73],"to":[0,-0.25],"ti":[0,0.25]},{"t":87,"s":[112.531,233.23]}],"ix":2},"a":{"a":0,"k":[112.531,234.73],"ix":1},"s":{"a":0,"k":[100,100],"ix":3},"r":{"a":0,"k":0,"ix":6},"o":{"a":0,"k":100,"ix":7},"sk":{"a":0,"k":0,"ix":4},"sa":{"a":0,"k":0,"ix":5},"nm":"Transform"}],"nm":"Group 4","np":2,"cix":2,"bm":0,"ix":4,"mn":"ADBE Vector Group","hd":false},{"ty":"gr","it":[{"ty":"gr","it":[{"ind":0,"ty":"sh","ix":1,"ks":{"a":0,"k":{"i":[[0.142,0],[0.143,0.215],[-0.34,0.231],[-2.31,-1.01],[0.165,-0.378],[0.376,0.165],[0.015,-0.011]],"o":[[-0.24,0],[-0.229,-0.341],[0.091,-0.062],[0.378,0.165],[-0.165,0.377],[-1.545,-0.675],[-0.128,0.085]],"v":[[-1.926,1.107],[-2.546,0.777],[-2.347,-0.255],[2.226,-0.749],[2.611,0.233],[1.628,0.618],[-1.512,0.983]],"c":true},"ix":2},"nm":"Path 1","mn":"ADBE Vector Shape - Group","hd":false},{"ty":"fl","c":{"a":0,"k":[0.250980407,0.188235297799,0.490196079016,1],"ix":4},"o":{"a":0,"k":100,"ix":5},"r":1,"bm":0,"nm":"Fill 1","mn":"ADBE Vector Graphic - Fill","hd":false},{"ty":"tr","p":{"a":0,"k":[112.081,229.579],"ix":2},"a":{"a":0,"k":[0,0],"ix":1},"s":{"a":0,"k":[100,100],"ix":3},"r":{"a":0,"k":0,"ix":6},"o":{"a":0,"k":100,"ix":7},"sk":{"a":0,"k":0,"ix":4},"sa":{"a":0,"k":0,"ix":5},"nm":"Transform"}],"nm":"Group 1","np":2,"cix":2,"bm":0,"ix":1,"mn":"ADBE Vector Group","hd":false},{"ty":"gr","it":[{"ind":0,"ty":"sh","ix":1,"ks":{"a":0,"k":{"i":[[0.239,0],[0.128,0.086],[0,0],[1.544,-0.674],[0.165,0.377],[-0.378,0.165],[-0.092,-0.062],[0.231,-0.341]],"o":[[-0.143,0],[0,0],[-0.017,-0.011],[-0.377,0.165],[-0.165,-0.378],[2.304,-1.011],[0.341,0.231],[-0.144,0.213]],"v":[[1.927,1.108],[1.513,0.982],[1.513,0.982],[-1.629,0.617],[-2.611,0.233],[-2.227,-0.75],[2.346,-0.256],[2.546,0.78]],"c":true},"ix":2},"nm":"Path 1","mn":"ADBE Vector Shape - Group","hd":false},{"ty":"fl","c":{"a":0,"k":[0.250980407,0.188235297799,0.490196079016,1],"ix":4},"o":{"a":0,"k":100,"ix":5},"r":1,"bm":0,"nm":"Fill 1","mn":"ADBE Vector Graphic - Fill","hd":false},{"ty":"tr","p":{"a":0,"k":[126.882,229.58],"ix":2},"a":{"a":0,"k":[0,0],"ix":1},"s":{"a":0,"k":[100,100],"ix":3},"r":{"a":0,"k":0,"ix":6},"o":{"a":0,"k":100,"ix":7},"sk":{"a":0,"k":0,"ix":4},"sa":{"a":0,"k":0,"ix":5},"nm":"Transform"}],"nm":"Group 2","np":2,"cix":2,"bm":0,"ix":2,"mn":"ADBE Vector Group","hd":false},{"ty":"tr","p":{"a":1,"k":[{"i":{"x":0.22,"y":1},"o":{"x":0.333,"y":0},"t":52,"s":[126.882,229.58],"to":[0,-0.229],"ti":[0,0.229]},{"t":87,"s":[126.882,228.205]}],"ix":2},"a":{"a":0,"k":[126.882,229.58],"ix":1},"s":{"a":0,"k":[100,100],"ix":3},"r":{"a":0,"k":0,"ix":6},"o":{"a":0,"k":100,"ix":7},"sk":{"a":0,"k":0,"ix":4},"sa":{"a":0,"k":0,"ix":5},"nm":"Transform"}],"nm":"Group 5","np":2,"cix":2,"bm":0,"ix":5,"mn":"ADBE Vector Group","hd":false},{"ty":"tr","p":{"a":0,"k":[126.882,229.58],"ix":2},"a":{"a":0,"k":[126.882,229.58],"ix":1},"s":{"a":0,"k":[100,100],"ix":3},"r":{"a":0,"k":0,"ix":6},"o":{"a":0,"k":100,"ix":7},"sk":{"a":0,"k":0,"ix":4},"sa":{"a":0,"k":0,"ix":5},"nm":"Transform"}],"nm":"Group 1","np":5,"cix":2,"bm":0,"ix":1,"mn":"ADBE Vector Group","hd":false},{"ty":"gr","it":[{"ty":"gr","it":[{"ty":"gr","it":[{"ind":0,"ty":"sh","ix":1,"ks":{"a":0,"k":{"i":[[0,0],[-10.261,0.746],[-0.933,-5.224],[-0.56,3.172],[0,0],[0,0],[0,0]],"o":[[0,0],[10.261,-0.746],[0.933,5.224],[0.56,-3.172],[0,0],[0,0],[0,0]],"v":[[-15.524,-1.579],[-3.584,1.779],[10.968,8.122],[15.446,9.615],[13.394,-3.445],[2.013,-12.027],[-12.726,-10.907]],"c":true},"ix":2},"nm":"Path 1","mn":"ADBE Vector Shape - Group","hd":false},{"ty":"fl","c":{"a":0,"k":[0.250980407,0.188235297799,0.490196079016,1],"ix":4},"o":{"a":0,"k":100,"ix":5},"r":1,"bm":0,"nm":"Fill 1","mn":"ADBE Vector Graphic - Fill","hd":false},{"ty":"tr","p":{"a":0,"k":[121.352,218.772],"ix":2},"a":{"a":0,"k":[0,0],"ix":1},"s":{"a":0,"k":[100,100],"ix":3},"r":{"a":0,"k":0,"ix":6},"o":{"a":0,"k":100,"ix":7},"sk":{"a":0,"k":0,"ix":4},"sa":{"a":0,"k":0,"ix":5},"nm":"Transform"}],"nm":"Group 1","np":2,"cix":2,"bm":0,"ix":1,"mn":"ADBE Vector Group","hd":false},{"ty":"gr","it":[{"ind":0,"ty":"sh","ix":1,"ks":{"a":0,"k":{"i":[[8.552,0],[0,0],[0,8.552],[0,0],[-8.552,0],[0,0],[0,-8.552],[0,0]],"o":[[0,0],[-8.552,0],[0,0],[0,-8.552],[0,0],[8.552,0],[0,0],[0,8.552]],"v":[[0,22.948],[0,22.948],[-15.485,7.463],[-15.485,-7.463],[0,-22.948],[0,-22.948],[15.485,-7.463],[15.485,7.463]],"c":true},"ix":2},"nm":"Path 1","mn":"ADBE Vector Shape - Group","hd":false},{"ty":"fl","c":{"a":0,"k":[1,0.764705896378,0.603921592236,1],"ix":4},"o":{"a":0,"k":100,"ix":5},"r":1,"bm":0,"nm":"Fill 1","mn":"ADBE Vector Graphic - Fill","hd":false},{"ty":"tr","p":{"a":0,"k":[119.82,233.984],"ix":2},"a":{"a":0,"k":[0,0],"ix":1},"s":{"a":0,"k":[100,100],"ix":3},"r":{"a":0,"k":0,"ix":6},"o":{"a":0,"k":100,"ix":7},"sk":{"a":0,"k":0,"ix":4},"sa":{"a":0,"k":0,"ix":5},"nm":"Transform"}],"nm":"Group 2","np":2,"cix":2,"bm":0,"ix":2,"mn":"ADBE Vector Group","hd":false},{"ty":"gr","it":[{"ty":"gr","it":[{"ind":0,"ty":"sh","ix":1,"ks":{"a":0,"k":{"i":[[0,0],[-4.291,-1.866],[3.731,3.172]],"o":[[0,0],[4.291,1.866],[-3.731,-3.172]],"v":[[-3.551,-1.288],[2.606,-6.326],[-2.059,6.174]],"c":true},"ix":2},"nm":"Path 1","mn":"ADBE Vector Shape - Group","hd":false},{"ty":"fl","c":{"a":0,"k":[0.956862747669,0.556862771511,0.411764711142,1],"ix":4},"o":{"a":0,"k":100,"ix":5},"r":1,"bm":0,"nm":"Fill 1","mn":"ADBE Vector Graphic - Fill","hd":false},{"ty":"tr","p":{"a":0,"k":[137.358,235.086],"ix":2},"a":{"a":0,"k":[0,0],"ix":1},"s":{"a":0,"k":[100,100],"ix":3},"r":{"a":0,"k":0,"ix":6},"o":{"a":0,"k":100,"ix":7},"sk":{"a":0,"k":0,"ix":4},"sa":{"a":0,"k":0,"ix":5},"nm":"Transform"}],"nm":"Group 1","np":2,"cix":2,"bm":0,"ix":1,"mn":"ADBE Vector Group","hd":false},{"ty":"gr","it":[{"ind":0,"ty":"sh","ix":1,"ks":{"a":0,"k":{"i":[[0,0],[4.291,-1.866],[-3.731,3.172]],"o":[[0,0],[-4.291,1.866],[3.731,-3.172]],"v":[[3.551,-1.288],[-2.606,-6.326],[2.059,6.174]],"c":true},"ix":2},"nm":"Path 1","mn":"ADBE Vector Shape - Group","hd":false},{"ty":"fl","c":{"a":0,"k":[0.956862747669,0.556862771511,0.411764711142,1],"ix":4},"o":{"a":0,"k":100,"ix":5},"r":1,"bm":0,"nm":"Fill 1","mn":"ADBE Vector Graphic - Fill","hd":false},{"ty":"tr","p":{"a":0,"k":[102.283,235.086],"ix":2},"a":{"a":0,"k":[0,0],"ix":1},"s":{"a":0,"k":[100,100],"ix":3},"r":{"a":0,"k":0,"ix":6},"o":{"a":0,"k":100,"ix":7},"sk":{"a":0,"k":0,"ix":4},"sa":{"a":0,"k":0,"ix":5},"nm":"Transform"}],"nm":"Group 2","np":2,"cix":2,"bm":0,"ix":2,"mn":"ADBE Vector Group","hd":false},{"ty":"tr","p":{"a":0,"k":[102.283,235.086],"ix":2},"a":{"a":0,"k":[102.283,235.086],"ix":1},"s":{"a":0,"k":[100,100],"ix":3},"r":{"a":0,"k":0,"ix":6},"o":{"a":0,"k":100,"ix":7},"sk":{"a":0,"k":0,"ix":4},"sa":{"a":0,"k":0,"ix":5},"nm":"Transform"}],"nm":"Group 3","np":2,"cix":2,"bm":0,"ix":3,"mn":"ADBE Vector Group","hd":false},{"ty":"gr","it":[{"ind":0,"ty":"sh","ix":1,"ks":{"a":0,"k":{"i":[[3.864,0],[0,0],[0,3.864],[0,0],[0,0],[0,0]],"o":[[0,0],[-3.864,0],[0,0],[0,0],[0,0],[0,3.864]],"v":[[0,9.515],[0,9.515],[-6.996,2.519],[-6.996,-9.515],[6.996,-9.515],[6.996,2.519]],"c":true},"ix":2},"nm":"Path 1","mn":"ADBE Vector Shape - Group","hd":false},{"ty":"fl","c":{"a":0,"k":[0.956862747669,0.556862771511,0.411764711142,1],"ix":4},"o":{"a":0,"k":100,"ix":5},"r":1,"bm":0,"nm":"Fill 1","mn":"ADBE Vector Graphic - Fill","hd":false},{"ty":"tr","p":{"a":0,"k":[119.54,258.424],"ix":2},"a":{"a":0,"k":[0,0],"ix":1},"s":{"a":0,"k":[100,100],"ix":3},"r":{"a":0,"k":0,"ix":6},"o":{"a":0,"k":100,"ix":7},"sk":{"a":0,"k":0,"ix":4},"sa":{"a":0,"k":0,"ix":5},"nm":"Transform"}],"nm":"Group 4","np":2,"cix":2,"bm":0,"ix":4,"mn":"ADBE Vector Group","hd":false},{"ty":"gr","it":[{"ind":0,"ty":"sh","ix":1,"ks":{"a":0,"k":{"i":[[-6.903,11.194],[1.866,3.918],[2.052,4.851],[9.328,-0.186],[-0.746,-4.664],[0.187,-4.851],[-2.799,-2.052]],"o":[[0,0],[-1.866,-3.918],[-2.052,-4.851],[-9.328,0.187],[0.746,4.664],[-0.187,4.851],[2.798,2.052]],"v":[[17.61,13.117],[18.73,-2.368],[13.506,-9.271],[-4.591,-19.719],[-16.905,-7.965],[-19.33,1.55],[-14.853,16.289]],"c":true},"ix":2},"nm":"Path 1","mn":"ADBE Vector Shape - Group","hd":false},{"ty":"fl","c":{"a":0,"k":[0.250980407,0.188235297799,0.490196079016,1],"ix":4},"o":{"a":0,"k":100,"ix":5},"r":1,"bm":0,"nm":"Fill 1","mn":"ADBE Vector Graphic - Fill","hd":false},{"ty":"tr","p":{"a":0,"k":[120.121,221.613],"ix":2},"a":{"a":0,"k":[0,0],"ix":1},"s":{"a":0,"k":[100,100],"ix":3},"r":{"a":0,"k":0,"ix":6},"o":{"a":0,"k":100,"ix":7},"sk":{"a":0,"k":0,"ix":4},"sa":{"a":0,"k":0,"ix":5},"nm":"Transform"}],"nm":"Group 5","np":2,"cix":2,"bm":0,"ix":5,"mn":"ADBE Vector Group","hd":false},{"ty":"gr","it":[{"ind":0,"ty":"sh","ix":1,"ks":{"a":0,"k":{"i":[[0,0],[0,0],[10.647,0],[0,0],[0,-10.647],[0,0]],"o":[[0,0],[0,-10.647],[0,0],[-10.647,0],[0,0],[0,0]],"v":[[19.279,19.403],[19.279,-0.124],[0,-19.403],[0,-19.403],[-19.279,-0.124],[-19.279,19.403]],"c":true},"ix":2},"nm":"Path 1","mn":"ADBE Vector Shape - Group","hd":false},{"ty":"fl","c":{"a":0,"k":[0.40000000596,0.380392163992,1,1],"ix":4},"o":{"a":0,"k":100,"ix":5},"r":1,"bm":0,"nm":"Fill 1","mn":"ADBE Vector Graphic - Fill","hd":false},{"ty":"tr","p":{"a":0,"k":[119.198,277.454],"ix":2},"a":{"a":0,"k":[0,0],"ix":1},"s":{"a":0,"k":[100,100],"ix":3},"r":{"a":0,"k":0,"ix":6},"o":{"a":0,"k":100,"ix":7},"sk":{"a":0,"k":0,"ix":4},"sa":{"a":0,"k":0,"ix":5},"nm":"Transform"}],"nm":"Group 6","np":2,"cix":2,"bm":0,"ix":6,"mn":"ADBE Vector Group","hd":false},{"ty":"tr","p":{"a":0,"k":[119.198,277.454],"ix":2},"a":{"a":0,"k":[119.198,277.454],"ix":1},"s":{"a":0,"k":[100,100],"ix":3},"r":{"a":0,"k":0,"ix":6},"o":{"a":0,"k":100,"ix":7},"sk":{"a":0,"k":0,"ix":4},"sa":{"a":0,"k":0,"ix":5},"nm":"Transform"}],"nm":"Group 1","np":6,"cix":2,"bm":0,"ix":1,"mn":"ADBE Vector Group","hd":false},{"ty":"tr","p":{"a":0,"k":[119.198,277.454],"ix":2},"a":{"a":0,"k":[119.198,277.454],"ix":1},"s":{"a":0,"k":[100,100],"ix":3},"r":{"a":0,"k":0,"ix":6},"o":{"a":0,"k":100,"ix":7},"sk":{"a":0,"k":0,"ix":4},"sa":{"a":0,"k":0,"ix":5},"nm":"Transform"}],"nm":"Group 2","np":1,"cix":2,"bm":0,"ix":2,"mn":"ADBE Vector Group","hd":false}],"ip":300,"op":300,"st":0,"bm":0,"hidden":0},{"ddd":0,"ind":4,"ty":4,"nm":"Circle","sr":1,"ks":{"o":{"a":0,"k":100,"ix":11},"r":{"a":0,"k":0,"ix":10},"p":{"a":0,"k":[119.82,235.104,0],"ix":2,"l":2},"a":{"a":0,"k":[0,0,0],"ix":1,"l":2},"s":{"k":[{"s":[0,0,100],"t":12,"i":{"x":[1,1,1],"y":[1,1,1]},"o":{"x":[0,0,0],"y":[0,0,0]}},{"s":[2.416,2.416,100],"t":13,"i":{"x":[1,1,1],"y":[1,1,1]},"o":{"x":[0,0,0],"y":[0,0,0]}},{"s":[15.211,15.211,100],"t":14,"i":{"x":[1,1,1],"y":[1,1,1]},"o":{"x":[0,0,0],"y":[0,0,0]}},{"s":[74.312,74.312,100],"t":15,"i":{"x":[1,1,1],"y":[1,1,1]},"o":{"x":[0,0,0],"y":[0,0,0]}},{"s":[97.628,97.628,100],"t":16,"i":{"x":[1,1,1],"y":[1,1,1]},"o":{"x":[0,0,0],"y":[0,0,0]}},{"s":[104.419,104.419,100],"t":17,"i":{"x":[1,1,1],"y":[1,1,1]},"o":{"x":[0,0,0],"y":[0,0,0]}},{"s":[106,106,100],"t":18,"i":{"x":[1,1,1],"y":[1,1,1]},"o":{"x":[0,0,0],"y":[0,0,0]}},{"s":[101.972,101.972,100],"t":19,"i":{"x":[1,1,1],"y":[1,1,1]},"o":{"x":[0,0,0],"y":[0,0,0]}},{"s":[100,100,100],"t":20,"i":{"x":[1,1,1],"y":[1,1,1]},"o":{"x":[0,0,0],"y":[0,0,0]}},{"s":[99.904,99.904,100],"t":21,"i":{"x":[1,1,1],"y":[1,1,1]},"o":{"x":[0,0,0],"y":[0,0,0]}},{"s":[99.997,99.997,100],"t":31,"i":{"x":[1,1,1],"y":[1,1,1]},"o":{"x":[0,0,0],"y":[0,0,0]}}],"l":2}},"ao":0,"ef":[{"ty":5,"nm":"Elastic: Scale","np":5,"mn":"Pseudo/MDS Elastic Controller","ix":1,"en":1,"ef":[{"ty":0,"nm":"Amplitude","mn":"Pseudo/MDS Elastic Controller-0001","ix":1,"v":{"a":0,"k":20,"ix":1}},{"ty":0,"nm":"Frequency","mn":"Pseudo/MDS Elastic Controller-0002","ix":2,"v":{"a":0,"k":40,"ix":2}},{"ty":0,"nm":"Decay","mn":"Pseudo/MDS Elastic Controller-0003","ix":3,"v":{"a":0,"k":60,"ix":3}}]}],"shapes":[{"ty":"gr","it":[{"ind":0,"ty":"sh","ix":1,"ks":{"a":0,"k":{"i":[[0,-20.711],[20.711,0],[0,20.711],[-20.711,0]],"o":[[0,20.711],[-20.711,0],[0,-20.711],[20.711,0]],"v":[[37.5,0],[0,37.5],[-37.5,0],[0,-37.5]],"c":true},"ix":2},"nm":"Path 1","mn":"ADBE Vector Shape - Group","hd":false},{"ty":"fl","c":{"a":0,"k":[1,1,1,1],"ix":4},"o":{"a":0,"k":100,"ix":5},"r":1,"bm":0,"nm":"Fill 1","mn":"ADBE Vector Graphic - Fill","hd":false},{"ty":"tr","p":{"a":0,"k":[0,0],"ix":2},"a":{"a":0,"k":[0,0],"ix":1},"s":{"a":0,"k":[100,100],"ix":3},"r":{"a":0,"k":0,"ix":6},"o":{"a":0,"k":100,"ix":7},"sk":{"a":0,"k":0,"ix":4},"sa":{"a":0,"k":0,"ix":5},"nm":"Transform"}],"nm":"Group 1","np":2,"cix":2,"bm":0,"ix":1,"mn":"ADBE Vector Group","hd":false}],"ip":0,"op":300,"st":0,"bm":0},{"ddd":0,"ind":5,"ty":4,"nm":"Text line","sr":1,"ks":{"o":{"a":0,"k":100,"ix":11},"r":{"a":0,"k":0,"ix":10},"p":{"a":0,"k":[292.374,254.803,0],"ix":2,"l":2},"a":{"a":0,"k":[292.374,254.803,0],"ix":1,"l":2},"s":{"a":0,"k":[100,100,100],"ix":6,"l":2}},"ao":0,"shapes":[{"ty":"gr","it":[{"ind":0,"ty":"sh","ix":1,"ks":{"a":0,"k":{"i":[[0,0],[-6.219,0]],"o":[[0,0],[2.5,0]],"v":[[191.5,232],[394.344,232]],"c":false},"ix":2},"nm":"Path 1","mn":"ADBE Vector Shape - Group","hd":false},{"ty":"tm","s":{"a":0,"k":0,"ix":1},"e":{"a":1,"k":[{"i":{"x":[0.17],"y":[1]},"o":{"x":[0.41],"y":[0]},"t":12,"s":[0]},{"t":23,"s":[100]}],"ix":2},"o":{"a":0,"k":0,"ix":3},"m":1,"ix":2,"nm":"Trim Paths 1","mn":"ADBE Vector Filter - Trim","hd":false},{"ty":"st","c":{"a":0,"k":[1,1,1,1],"ix":3},"o":{"a":0,"k":100,"ix":4},"w":{"a":0,"k":7,"ix":5},"lc":2,"lj":2,"bm":0,"nm":"Stroke 1","mn":"ADBE Vector Graphic - Stroke","hd":false},{"ty":"tr","p":{"a":0,"k":[292.922,247],"ix":2},"a":{"a":0,"k":[292.922,232],"ix":1},"s":{"a":0,"k":[100,100],"ix":3},"r":{"a":0,"k":0,"ix":6},"o":{"a":0,"k":100,"ix":7},"sk":{"a":0,"k":0,"ix":4},"sa":{"a":0,"k":0,"ix":5},"nm":"Transform"}],"nm":"Shape 1","np":4,"cix":2,"bm":0,"ix":1,"mn":"ADBE Vector Group","hd":false},{"ty":"gr","it":[{"ind":0,"ty":"sh","ix":1,"ks":{"a":0,"k":{"i":[[0,0],[-6.219,0]],"o":[[0,0],[2.5,0]],"v":[[191.5,232],[394.344,232]],"c":false},"ix":2},"nm":"Path 1","mn":"ADBE Vector Shape - Group","hd":false},{"ty":"tm","s":{"a":0,"k":0,"ix":1},"e":{"a":1,"k":[{"i":{"x":[0.17],"y":[1]},"o":{"x":[0.41],"y":[0]},"t":12,"s":[0]},{"t":29,"s":[45]}],"ix":2},"o":{"a":0,"k":0,"ix":3},"m":1,"ix":2,"nm":"Trim Paths 1","mn":"ADBE Vector Filter - Trim","hd":false},{"ty":"st","c":{"a":0,"k":[1,1,1,1],"ix":3},"o":{"a":0,"k":100,"ix":4},"w":{"a":0,"k":7,"ix":5},"lc":2,"lj":2,"bm":0,"nm":"Stroke 1","mn":"ADBE Vector Graphic - Stroke","hd":false},{"ty":"tr","p":{"a":0,"k":[292.922,262],"ix":2},"a":{"a":0,"k":[292.922,232],"ix":1},"s":{"a":0,"k":[100,100],"ix":3},"r":{"a":0,"k":0,"ix":6},"o":{"a":0,"k":100,"ix":7},"sk":{"a":0,"k":0,"ix":4},"sa":{"a":0,"k":0,"ix":5},"nm":"Transform"}],"nm":"Shape 2","np":4,"cix":2,"bm":0,"ix":2,"mn":"ADBE Vector Group","hd":false}],"ip":0,"op":300,"st":0,"bm":0},{"ddd":0,"ind":6,"ty":4,"nm":"BG 2","parent":7,"sr":1,"ks":{"o":{"a":0,"k":100,"ix":11},"r":{"a":0,"k":0,"ix":10},"p":{"a":0,"k":[2,-7.5,0],"ix":2,"l":2},"a":{"a":0,"k":[0,0,0],"ix":1,"l":2},"s":{"a":0,"k":[100,100,100],"ix":6,"l":2}},"ao":0,"shapes":[{"ty":"gr","it":[{"ind":0,"ty":"sh","ix":1,"ks":{"a":0,"k":{"i":[[31.436,0],[0,0],[0,-31.436],[-31.437,0],[0,0],[0,0],[0,0],[0,0],[0,31.437]],"o":[[0,0],[-31.437,0],[0,31.437],[0,0],[0,0],[0,0],[0,0],[31.436,0],[0,-31.436]],"v":[[144.432,-70.676],[-144.433,-70.676],[-201.353,-13.756],[-144.433,43.165],[-21.63,43.165],[5.881,70.676],[33.393,43.165],[144.432,43.165],[201.353,-13.756]],"c":true},"ix":2},"nm":"Path 1","mn":"ADBE Vector Shape - Group","hd":false},{"ty":"fl","c":{"a":0,"k":[0.9921568627450981,0.6313725490196078,0.10980392156862745,1],"ix":4},"o":{"a":0,"k":100,"ix":5},"r":1,"bm":0,"nm":"Fill 1","mn":"ADBE Vector Graphic - Fill","hd":false},{"ty":"tr","p":{"a":0,"k":[0,0],"ix":2},"a":{"a":0,"k":[0,0],"ix":1},"s":{"a":0,"k":[100,100],"ix":3},"r":{"a":0,"k":0,"ix":6},"o":{"a":0,"k":100,"ix":7},"sk":{"a":0,"k":0,"ix":4},"sa":{"a":0,"k":0,"ix":5},"nm":"Transform"}],"nm":"Group 1","np":2,"cix":2,"bm":0,"ix":1,"mn":"ADBE Vector Group","hd":false}],"ip":0,"op":300,"st":0,"bm":0},{"ddd":0,"ind":7,"ty":4,"nm":"BG 1","sr":1,"ks":{"o":{"a":0,"k":100,"ix":11},"r":{"a":1,"k":[{"i":{"x":[0.404],"y":[1]},"o":{"x":[1],"y":[0]},"t":0,"s":[14]},{"i":{"x":[0.569],"y":[1]},"o":{"x":[1],"y":[0]},"t":7,"s":[-6]},{"t":12,"s":[0]}],"ix":10},"p":{"a":0,"k":[255.5,323.75,0],"ix":2,"l":2},"a":{"a":0,"k":[7.5,69.324,0],"ix":1,"l":2},"s":{"a":1,"k":[{"i":{"x":[0.13,0.13,0.13],"y":[1,1,1]},"o":{"x":[0.25,0.25,0.25],"y":[0,0,0]},"t":0,"s":[0,0,100]},{"i":{"x":[0.13,0.13,0.13],"y":[1,1,1]},"o":{"x":[0.25,0.25,0.25],"y":[0,0,0]},"t":7,"s":[108,108,100]},{"t":10,"s":[100,100,100]}],"ix":6,"l":2}},"ao":0,"shapes":[{"ty":"gr","it":[{"ind":0,"ty":"sh","ix":1,"ks":{"a":0,"k":{"i":[[30.835,0],[0,0],[0,-30.835],[-30.835,0],[0,0],[0,0],[0,0],[0,0],[0,30.835]],"o":[[0,0],[-30.835,0],[0,30.835],[0,0],[0,0],[0,0],[0,0],[30.835,0],[0,-30.835]],"v":[[141.669,-69.324],[-141.669,-69.324],[-197.5,-13.493],[-141.669,42.339],[-19.104,42.339],[7.881,69.324],[34.866,42.339],[141.669,42.339],[197.5,-13.493]],"c":true},"ix":2},"nm":"Path 1","mn":"ADBE Vector Shape - Group","hd":false},{"ty":"fl","c":{"a":0,"k":[0.811764717102,0.890196084976,0.952941179276,1],"ix":4},"o":{"a":0,"k":100,"ix":5},"r":1,"bm":0,"nm":"Fill 1","mn":"ADBE Vector Graphic - Fill","hd":false},{"ty":"tr","p":{"a":0,"k":[0,0],"ix":2},"a":{"a":0,"k":[0,0],"ix":1},"s":{"a":0,"k":[100,100],"ix":3},"r":{"a":0,"k":0,"ix":6},"o":{"a":0,"k":100,"ix":7},"sk":{"a":0,"k":0,"ix":4},"sa":{"a":0,"k":0,"ix":5},"nm":"Transform"}],"nm":"Group 1","np":2,"cix":2,"bm":0,"ix":1,"mn":"ADBE Vector Group","hd":false}],"ip":0,"op":300,"st":0,"bm":0}],"markers":[]}