{"v":"4.8.0","meta":{"g":"LottieFiles AE 1.0.0","a":"Dariush Oskouie","k":"Password, Login, Security","d":"Login Security Password Enterance","tc":"Gray"},"fr":60,"ip":0,"op":181,"w":1080,"h":1080,"nm":"Login","ddd":0,"assets":[],"fonts":{"list":[{"fName":"Roboto-Bold","fFamily":"Roboto","fStyle":"Bold","ascent":75.0099999997765}]},"layers":[{"ddd":0,"ind":1,"ty":4,"nm":"Shape Layer 4","sr":1,"ks":{"o":{"a":1,"k":[{"i":{"x":[0.15],"y":[1]},"o":{"x":[0.85],"y":[0]},"t":90,"s":[0]},{"i":{"x":[0.833],"y":[1]},"o":{"x":[0.85],"y":[0]},"t":105,"s":[40]},{"t":120,"s":[0]}],"ix":11},"r":{"a":0,"k":0,"ix":10},"p":{"a":0,"k":[751.5,665,0],"ix":2},"a":{"a":0,"k":[-210.5,125,0],"ix":1},"s":{"a":0,"k":[96.622,96.622,100],"ix":6}},"ao":0,"shapes":[{"ty":"gr","it":[{"ty":"rc","d":1,"s":{"a":0,"k":[74,74],"ix":2},"p":{"a":0,"k":[0,0],"ix":3},"r":{"a":0,"k":20,"ix":4},"nm":"Rectangle Path 1","mn":"ADBE Vector Shape - Rect","hd":false},{"ty":"st","c":{"a":0,"k":[1,1,1,1],"ix":3},"o":{"a":0,"k":100,"ix":4},"w":{"a":0,"k":0,"ix":5},"lc":1,"lj":1,"ml":4,"bm":0,"nm":"Stroke 1","mn":"ADBE Vector Graphic - Stroke","hd":false},{"ty":"fl","c":{"a":0,"k":[0.721568627451,0.721568627451,0.721568627451,1],"ix":4},"o":{"a":0,"k":100,"ix":5},"r":1,"bm":0,"nm":"Fill 1","mn":"ADBE Vector Graphic - Fill","hd":false},{"ty":"tr","p":{"a":0,"k":[-210.5,125],"ix":2},"a":{"a":0,"k":[0,0],"ix":1},"s":{"a":0,"k":[100,100],"ix":3},"r":{"a":0,"k":0,"ix":6},"o":{"a":0,"k":100,"ix":7},"sk":{"a":0,"k":0,"ix":4},"sa":{"a":0,"k":0,"ix":5},"nm":"Transform"}],"nm":"Rectangle 1","np":3,"cix":2,"bm":0,"ix":1,"mn":"ADBE Vector Group","hd":false}],"ip":90,"op":3697,"st":30,"bm":0},{"ddd":0,"ind":2,"ty":4,"nm":"Shape Layer 3","sr":1,"ks":{"o":{"a":1,"k":[{"i":{"x":[0.15],"y":[1]},"o":{"x":[0.85],"y":[0]},"t":82,"s":[0]},{"i":{"x":[0.833],"y":[1]},"o":{"x":[0.85],"y":[0]},"t":97,"s":[40]},{"t":112,"s":[0]}],"ix":11},"r":{"a":0,"k":0,"ix":10},"p":{"a":0,"k":[540,328.75,0],"ix":2},"a":{"a":0,"k":[-210.5,125,0],"ix":1},"s":{"a":0,"k":[96.622,96.622,100],"ix":6}},"ao":0,"shapes":[{"ty":"gr","it":[{"ty":"rc","d":1,"s":{"a":0,"k":[74,74],"ix":2},"p":{"a":0,"k":[0,0],"ix":3},"r":{"a":0,"k":20,"ix":4},"nm":"Rectangle Path 1","mn":"ADBE Vector Shape - Rect","hd":false},{"ty":"st","c":{"a":0,"k":[1,1,1,1],"ix":3},"o":{"a":0,"k":100,"ix":4},"w":{"a":0,"k":0,"ix":5},"lc":1,"lj":1,"ml":4,"bm":0,"nm":"Stroke 1","mn":"ADBE Vector Graphic - Stroke","hd":false},{"ty":"fl","c":{"a":0,"k":[0.721568627451,0.721568627451,0.721568627451,1],"ix":4},"o":{"a":0,"k":100,"ix":5},"r":1,"bm":0,"nm":"Fill 1","mn":"ADBE Vector Graphic - Fill","hd":false},{"ty":"tr","p":{"a":0,"k":[-210.5,125],"ix":2},"a":{"a":0,"k":[0,0],"ix":1},"s":{"a":0,"k":[100,100],"ix":3},"r":{"a":0,"k":0,"ix":6},"o":{"a":0,"k":100,"ix":7},"sk":{"a":0,"k":0,"ix":4},"sa":{"a":0,"k":0,"ix":5},"nm":"Transform"}],"nm":"Rectangle 1","np":3,"cix":2,"bm":0,"ix":1,"mn":"ADBE Vector Group","hd":false}],"ip":82,"op":3689,"st":22,"bm":0},{"ddd":0,"ind":3,"ty":4,"nm":"Shape Layer 2","sr":1,"ks":{"o":{"a":1,"k":[{"i":{"x":[0.15],"y":[1]},"o":{"x":[0.85],"y":[0]},"t":71,"s":[0]},{"i":{"x":[0.833],"y":[1]},"o":{"x":[0.85],"y":[0]},"t":86,"s":[40]},{"t":101,"s":[0]}],"ix":11},"r":{"a":0,"k":0,"ix":10},"p":{"a":0,"k":[330,498.75,0],"ix":2},"a":{"a":0,"k":[-210.5,125,0],"ix":1},"s":{"a":0,"k":[96.622,96.622,100],"ix":6}},"ao":0,"shapes":[{"ty":"gr","it":[{"ty":"rc","d":1,"s":{"a":0,"k":[74,74],"ix":2},"p":{"a":0,"k":[0,0],"ix":3},"r":{"a":0,"k":20,"ix":4},"nm":"Rectangle Path 1","mn":"ADBE Vector Shape - Rect","hd":false},{"ty":"st","c":{"a":0,"k":[1,1,1,1],"ix":3},"o":{"a":0,"k":100,"ix":4},"w":{"a":0,"k":0,"ix":5},"lc":1,"lj":1,"ml":4,"bm":0,"nm":"Stroke 1","mn":"ADBE Vector Graphic - Stroke","hd":false},{"ty":"fl","c":{"a":0,"k":[0.721568627451,0.721568627451,0.721568627451,1],"ix":4},"o":{"a":0,"k":100,"ix":5},"r":1,"bm":0,"nm":"Fill 1","mn":"ADBE Vector Graphic - Fill","hd":false},{"ty":"tr","p":{"a":0,"k":[-210.5,125],"ix":2},"a":{"a":0,"k":[0,0],"ix":1},"s":{"a":0,"k":[100,100],"ix":3},"r":{"a":0,"k":0,"ix":6},"o":{"a":0,"k":100,"ix":7},"sk":{"a":0,"k":0,"ix":4},"sa":{"a":0,"k":0,"ix":5},"nm":"Transform"}],"nm":"Rectangle 1","np":3,"cix":2,"bm":0,"ix":1,"mn":"ADBE Vector Group","hd":false}],"ip":71,"op":3678,"st":11,"bm":0},{"ddd":0,"ind":4,"ty":4,"nm":"Shape Layer 1","sr":1,"ks":{"o":{"a":1,"k":[{"i":{"x":[0.15],"y":[1]},"o":{"x":[0.85],"y":[0]},"t":60,"s":[0]},{"i":{"x":[0.833],"y":[1]},"o":{"x":[0.85],"y":[0]},"t":75,"s":[40]},{"t":90,"s":[0]}],"ix":11},"r":{"a":0,"k":0,"ix":10},"p":{"a":0,"k":[330,664.5,0],"ix":2},"a":{"a":0,"k":[-210.5,125,0],"ix":1},"s":{"a":0,"k":[96.622,96.622,100],"ix":6}},"ao":0,"shapes":[{"ty":"gr","it":[{"ty":"rc","d":1,"s":{"a":0,"k":[74,74],"ix":2},"p":{"a":0,"k":[0,0],"ix":3},"r":{"a":0,"k":20,"ix":4},"nm":"Rectangle Path 1","mn":"ADBE Vector Shape - Rect","hd":false},{"ty":"st","c":{"a":0,"k":[1,1,1,1],"ix":3},"o":{"a":0,"k":100,"ix":4},"w":{"a":0,"k":0,"ix":5},"lc":1,"lj":1,"ml":4,"bm":0,"nm":"Stroke 1","mn":"ADBE Vector Graphic - Stroke","hd":false},{"ty":"fl","c":{"a":0,"k":[0.721568627451,0.721568627451,0.721568627451,1],"ix":4},"o":{"a":0,"k":100,"ix":5},"r":1,"bm":0,"nm":"Fill 1","mn":"ADBE Vector Graphic - Fill","hd":false},{"ty":"tr","p":{"a":0,"k":[-210.5,125],"ix":2},"a":{"a":0,"k":[0,0],"ix":1},"s":{"a":0,"k":[100,100],"ix":3},"r":{"a":0,"k":0,"ix":6},"o":{"a":0,"k":100,"ix":7},"sk":{"a":0,"k":0,"ix":4},"sa":{"a":0,"k":0,"ix":5},"nm":"Transform"}],"nm":"Rectangle 1","np":3,"cix":2,"bm":0,"ix":1,"mn":"ADBE Vector Group","hd":false}],"ip":60,"op":3667,"st":0,"bm":0},{"ddd":0,"ind":5,"ty":4,"nm":"Number Place Shadow 9","parent":6,"sr":1,"ks":{"o":{"a":0,"k":100,"ix":11},"r":{"a":0,"k":0,"ix":10},"p":{"a":0,"k":[-210,-123,0],"ix":2},"a":{"a":0,"k":[-210,-123,0],"ix":1},"s":{"a":0,"k":[100,100,100],"ix":6}},"ao":0,"hasMask":true,"masksProperties":[{"inv":false,"mode":"a","pt":{"a":0,"k":{"i":[[24.25,-24.25],[0,0],[0,0],[0,0]],"o":[[-17.625,17.625],[0,0],[0,0],[0,0]],"v":[[-192.5,-100.5],[-249,-84],[-171,-84],[-171,-162]],"c":true},"ix":1},"o":{"a":0,"k":100,"ix":3},"x":{"a":0,"k":0,"ix":4},"nm":"Mask 1"}],"shapes":[{"ty":"gr","it":[{"ty":"rc","d":1,"s":{"a":0,"k":[78,78],"ix":2},"p":{"a":0,"k":[0,0],"ix":3},"r":{"a":0,"k":20,"ix":4},"nm":"Rectangle Path 1","mn":"ADBE Vector Shape - Rect","hd":false},{"ty":"st","c":{"a":0,"k":[1,1,1,1],"ix":3},"o":{"a":0,"k":100,"ix":4},"w":{"a":0,"k":0,"ix":5},"lc":1,"lj":1,"ml":4,"bm":0,"nm":"Stroke 1","mn":"ADBE Vector Graphic - Stroke","hd":false},{"ty":"fl","c":{"a":0,"k":[0.196078434587,0.196078434587,0.196078434587,1],"ix":4},"o":{"a":0,"k":50,"ix":5},"r":1,"bm":0,"nm":"Fill 1","mn":"ADBE Vector Graphic - Fill","hd":false},{"ty":"tr","p":{"a":0,"k":[-210,-123],"ix":2},"a":{"a":0,"k":[0,0],"ix":1},"s":{"a":0,"k":[100,100],"ix":3},"r":{"a":0,"k":0,"ix":6},"o":{"a":0,"k":100,"ix":7},"sk":{"a":0,"k":0,"ix":4},"sa":{"a":0,"k":0,"ix":5},"nm":"Transform"}],"nm":"Rectangle 1","np":3,"cix":2,"bm":0,"ix":1,"mn":"ADBE Vector Group","hd":false}],"ip":31,"op":3698,"st":31,"bm":0},{"ddd":0,"ind":6,"ty":4,"nm":"Number Place 9","sr":1,"ks":{"o":{"a":0,"k":100,"ix":11},"r":{"a":0,"k":0,"ix":10},"p":{"a":0,"k":[751,665,0],"ix":2},"a":{"a":0,"k":[-210,-123,0],"ix":1},"s":{"a":1,"k":[{"i":{"x":[0.15,0.15,0.15],"y":[1,1,1]},"o":{"x":[0.85,0.85,0.85],"y":[0,0,0]},"t":46,"s":[0,0,100]},{"t":60,"s":[84.615,84.615,100]}],"ix":6}},"ao":0,"shapes":[{"ty":"gr","it":[{"ty":"rc","d":1,"s":{"a":0,"k":[78,78],"ix":2},"p":{"a":0,"k":[0,0],"ix":3},"r":{"a":0,"k":20,"ix":4},"nm":"Rectangle Path 1","mn":"ADBE Vector Shape - Rect","hd":false},{"ty":"st","c":{"a":0,"k":[1,1,1,1],"ix":3},"o":{"a":0,"k":100,"ix":4},"w":{"a":0,"k":0,"ix":5},"lc":1,"lj":1,"ml":4,"bm":0,"nm":"Stroke 1","mn":"ADBE Vector Graphic - Stroke","hd":false},{"ty":"fl","c":{"a":0,"k":[0.580392181873,0.580392181873,0.580392181873,1],"ix":4},"o":{"a":0,"k":35,"ix":5},"r":1,"bm":0,"nm":"Fill 1","mn":"ADBE Vector Graphic - Fill","hd":false},{"ty":"tr","p":{"a":0,"k":[-210,-123],"ix":2},"a":{"a":0,"k":[0,0],"ix":1},"s":{"a":0,"k":[100,100],"ix":3},"r":{"a":0,"k":0,"ix":6},"o":{"a":0,"k":100,"ix":7},"sk":{"a":0,"k":0,"ix":4},"sa":{"a":0,"k":0,"ix":5},"nm":"Transform"}],"nm":"Rectangle 1","np":3,"cix":2,"bm":0,"ix":1,"mn":"ADBE Vector Group","hd":false}],"ip":31,"op":3698,"st":31,"bm":0},{"ddd":0,"ind":7,"ty":5,"nm":"9","parent":6,"sr":1,"ks":{"o":{"a":0,"k":100,"ix":11},"r":{"a":0,"k":0,"ix":10},"p":{"a":0,"k":[-213.216,-123.283,0],"ix":2},"a":{"a":0,"k":[-6.216,-43.783,0],"ix":1},"s":{"a":0,"k":[42.223,42.223,100],"ix":6}},"ao":0,"t":{"d":{"k":[{"s":{"s":123,"f":"Roboto-Bold","t":"9","j":2,"tr":0,"lh":147.6,"ls":0,"fc":[1,1,1]},"t":0}]},"p":{},"m":{"g":1,"a":{"a":0,"k":[0,0],"ix":2}},"a":[]},"ip":31,"op":3698,"st":31,"bm":0},{"ddd":0,"ind":8,"ty":4,"nm":"Number Place Shadow 8","parent":9,"sr":1,"ks":{"o":{"a":0,"k":100,"ix":11},"r":{"a":0,"k":0,"ix":10},"p":{"a":0,"k":[-210,-123,0],"ix":2},"a":{"a":0,"k":[-210,-123,0],"ix":1},"s":{"a":0,"k":[100,100,100],"ix":6}},"ao":0,"hasMask":true,"masksProperties":[{"inv":false,"mode":"a","pt":{"a":0,"k":{"i":[[24.25,-24.25],[0,0],[0,0],[0,0]],"o":[[-17.625,17.625],[0,0],[0,0],[0,0]],"v":[[-192.5,-100.5],[-249,-84],[-171,-84],[-171,-162]],"c":true},"ix":1},"o":{"a":0,"k":100,"ix":3},"x":{"a":0,"k":0,"ix":4},"nm":"Mask 1"}],"shapes":[{"ty":"gr","it":[{"ty":"rc","d":1,"s":{"a":0,"k":[78,78],"ix":2},"p":{"a":0,"k":[0,0],"ix":3},"r":{"a":0,"k":20,"ix":4},"nm":"Rectangle Path 1","mn":"ADBE Vector Shape - Rect","hd":false},{"ty":"st","c":{"a":0,"k":[1,1,1,1],"ix":3},"o":{"a":0,"k":100,"ix":4},"w":{"a":0,"k":0,"ix":5},"lc":1,"lj":1,"ml":4,"bm":0,"nm":"Stroke 1","mn":"ADBE Vector Graphic - Stroke","hd":false},{"ty":"fl","c":{"a":0,"k":[0.196078434587,0.196078434587,0.196078434587,1],"ix":4},"o":{"a":0,"k":50,"ix":5},"r":1,"bm":0,"nm":"Fill 1","mn":"ADBE Vector Graphic - Fill","hd":false},{"ty":"tr","p":{"a":0,"k":[-210,-123],"ix":2},"a":{"a":0,"k":[0,0],"ix":1},"s":{"a":0,"k":[100,100],"ix":3},"r":{"a":0,"k":0,"ix":6},"o":{"a":0,"k":100,"ix":7},"sk":{"a":0,"k":0,"ix":4},"sa":{"a":0,"k":0,"ix":5},"nm":"Transform"}],"nm":"Rectangle 1","np":3,"cix":2,"bm":0,"ix":1,"mn":"ADBE Vector Group","hd":false}],"ip":31,"op":3698,"st":31,"bm":0},{"ddd":0,"ind":9,"ty":4,"nm":"Number Place 8","sr":1,"ks":{"o":{"a":0,"k":100,"ix":11},"r":{"a":0,"k":0,"ix":10},"p":{"a":0,"k":[751,539,0],"ix":2},"a":{"a":0,"k":[-210,-123,0],"ix":1},"s":{"a":1,"k":[{"i":{"x":[0.15,0.15,0.15],"y":[1,1,1]},"o":{"x":[0.85,0.85,0.85],"y":[0,0,0]},"t":45,"s":[0,0,100]},{"t":59,"s":[84.615,84.615,100]}],"ix":6}},"ao":0,"shapes":[{"ty":"gr","it":[{"ty":"rc","d":1,"s":{"a":0,"k":[78,78],"ix":2},"p":{"a":0,"k":[0,0],"ix":3},"r":{"a":0,"k":20,"ix":4},"nm":"Rectangle Path 1","mn":"ADBE Vector Shape - Rect","hd":false},{"ty":"st","c":{"a":0,"k":[1,1,1,1],"ix":3},"o":{"a":0,"k":100,"ix":4},"w":{"a":0,"k":0,"ix":5},"lc":1,"lj":1,"ml":4,"bm":0,"nm":"Stroke 1","mn":"ADBE Vector Graphic - Stroke","hd":false},{"ty":"fl","c":{"a":0,"k":[0.580392181873,0.580392181873,0.580392181873,1],"ix":4},"o":{"a":0,"k":35,"ix":5},"r":1,"bm":0,"nm":"Fill 1","mn":"ADBE Vector Graphic - Fill","hd":false},{"ty":"tr","p":{"a":0,"k":[-210,-123],"ix":2},"a":{"a":0,"k":[0,0],"ix":1},"s":{"a":0,"k":[100,100],"ix":3},"r":{"a":0,"k":0,"ix":6},"o":{"a":0,"k":100,"ix":7},"sk":{"a":0,"k":0,"ix":4},"sa":{"a":0,"k":0,"ix":5},"nm":"Transform"}],"nm":"Rectangle 1","np":3,"cix":2,"bm":0,"ix":1,"mn":"ADBE Vector Group","hd":false}],"ip":31,"op":3698,"st":31,"bm":0},{"ddd":0,"ind":10,"ty":5,"nm":"8","parent":9,"sr":1,"ks":{"o":{"a":0,"k":100,"ix":11},"r":{"a":0,"k":0,"ix":10},"p":{"a":0,"k":[-213.216,-123.283,0],"ix":2},"a":{"a":0,"k":[-6.216,-43.783,0],"ix":1},"s":{"a":0,"k":[42.223,42.223,100],"ix":6}},"ao":0,"t":{"d":{"k":[{"s":{"s":123,"f":"Roboto-Bold","t":"8","j":2,"tr":0,"lh":147.6,"ls":0,"fc":[1,1,1]},"t":0}]},"p":{},"m":{"g":1,"a":{"a":0,"k":[0,0],"ix":2}},"a":[]},"ip":31,"op":3698,"st":31,"bm":0},{"ddd":0,"ind":11,"ty":4,"nm":"Number Place Shadow 7","parent":12,"sr":1,"ks":{"o":{"a":0,"k":100,"ix":11},"r":{"a":0,"k":0,"ix":10},"p":{"a":0,"k":[-210,-123,0],"ix":2},"a":{"a":0,"k":[-210,-123,0],"ix":1},"s":{"a":0,"k":[100,100,100],"ix":6}},"ao":0,"hasMask":true,"masksProperties":[{"inv":false,"mode":"a","pt":{"a":0,"k":{"i":[[24.25,-24.25],[0,0],[0,0],[0,0]],"o":[[-17.625,17.625],[0,0],[0,0],[0,0]],"v":[[-192.5,-100.5],[-249,-84],[-171,-84],[-171,-162]],"c":true},"ix":1},"o":{"a":0,"k":100,"ix":3},"x":{"a":0,"k":0,"ix":4},"nm":"Mask 1"}],"shapes":[{"ty":"gr","it":[{"ty":"rc","d":1,"s":{"a":0,"k":[78,78],"ix":2},"p":{"a":0,"k":[0,0],"ix":3},"r":{"a":0,"k":20,"ix":4},"nm":"Rectangle Path 1","mn":"ADBE Vector Shape - Rect","hd":false},{"ty":"st","c":{"a":0,"k":[1,1,1,1],"ix":3},"o":{"a":0,"k":100,"ix":4},"w":{"a":0,"k":0,"ix":5},"lc":1,"lj":1,"ml":4,"bm":0,"nm":"Stroke 1","mn":"ADBE Vector Graphic - Stroke","hd":false},{"ty":"fl","c":{"a":0,"k":[0.196078434587,0.196078434587,0.196078434587,1],"ix":4},"o":{"a":0,"k":50,"ix":5},"r":1,"bm":0,"nm":"Fill 1","mn":"ADBE Vector Graphic - Fill","hd":false},{"ty":"tr","p":{"a":0,"k":[-210,-123],"ix":2},"a":{"a":0,"k":[0,0],"ix":1},"s":{"a":0,"k":[100,100],"ix":3},"r":{"a":0,"k":0,"ix":6},"o":{"a":0,"k":100,"ix":7},"sk":{"a":0,"k":0,"ix":4},"sa":{"a":0,"k":0,"ix":5},"nm":"Transform"}],"nm":"Rectangle 1","np":3,"cix":2,"bm":0,"ix":1,"mn":"ADBE Vector Group","hd":false}],"ip":31,"op":3698,"st":31,"bm":0},{"ddd":0,"ind":12,"ty":4,"nm":"Number Place 7","sr":1,"ks":{"o":{"a":0,"k":100,"ix":11},"r":{"a":0,"k":0,"ix":10},"p":{"a":0,"k":[751,415,0],"ix":2},"a":{"a":0,"k":[-210,-123,0],"ix":1},"s":{"a":1,"k":[{"i":{"x":[0.15,0.15,0.15],"y":[1,1,1]},"o":{"x":[0.85,0.85,0.85],"y":[0,0,0]},"t":44,"s":[0,0,100]},{"t":58,"s":[84.615,84.615,100]}],"ix":6}},"ao":0,"shapes":[{"ty":"gr","it":[{"ty":"rc","d":1,"s":{"a":0,"k":[78,78],"ix":2},"p":{"a":0,"k":[0,0],"ix":3},"r":{"a":0,"k":20,"ix":4},"nm":"Rectangle Path 1","mn":"ADBE Vector Shape - Rect","hd":false},{"ty":"st","c":{"a":0,"k":[1,1,1,1],"ix":3},"o":{"a":0,"k":100,"ix":4},"w":{"a":0,"k":0,"ix":5},"lc":1,"lj":1,"ml":4,"bm":0,"nm":"Stroke 1","mn":"ADBE Vector Graphic - Stroke","hd":false},{"ty":"fl","c":{"a":0,"k":[0.580392181873,0.580392181873,0.580392181873,1],"ix":4},"o":{"a":0,"k":35,"ix":5},"r":1,"bm":0,"nm":"Fill 1","mn":"ADBE Vector Graphic - Fill","hd":false},{"ty":"tr","p":{"a":0,"k":[-210,-123],"ix":2},"a":{"a":0,"k":[0,0],"ix":1},"s":{"a":0,"k":[100,100],"ix":3},"r":{"a":0,"k":0,"ix":6},"o":{"a":0,"k":100,"ix":7},"sk":{"a":0,"k":0,"ix":4},"sa":{"a":0,"k":0,"ix":5},"nm":"Transform"}],"nm":"Rectangle 1","np":3,"cix":2,"bm":0,"ix":1,"mn":"ADBE Vector Group","hd":false}],"ip":31,"op":3698,"st":31,"bm":0},{"ddd":0,"ind":13,"ty":5,"nm":"7","parent":12,"sr":1,"ks":{"o":{"a":0,"k":100,"ix":11},"r":{"a":0,"k":0,"ix":10},"p":{"a":0,"k":[-213.216,-123.283,0],"ix":2},"a":{"a":0,"k":[-6.216,-43.783,0],"ix":1},"s":{"a":0,"k":[42.223,42.223,100],"ix":6}},"ao":0,"t":{"d":{"k":[{"s":{"s":123,"f":"Roboto-Bold","t":"7","j":2,"tr":0,"lh":147.6,"ls":0,"fc":[1,1,1]},"t":0}]},"p":{},"m":{"g":1,"a":{"a":0,"k":[0,0],"ix":2}},"a":[]},"ip":31,"op":3698,"st":31,"bm":0},{"ddd":0,"ind":14,"ty":4,"nm":"Number Place Shadow 6","parent":15,"sr":1,"ks":{"o":{"a":0,"k":100,"ix":11},"r":{"a":0,"k":0,"ix":10},"p":{"a":0,"k":[-210,-123,0],"ix":2},"a":{"a":0,"k":[-210,-123,0],"ix":1},"s":{"a":0,"k":[100,100,100],"ix":6}},"ao":0,"hasMask":true,"masksProperties":[{"inv":false,"mode":"a","pt":{"a":0,"k":{"i":[[24.25,-24.25],[0,0],[0,0],[0,0]],"o":[[-17.625,17.625],[0,0],[0,0],[0,0]],"v":[[-192.5,-100.5],[-249,-84],[-171,-84],[-171,-162]],"c":true},"ix":1},"o":{"a":0,"k":100,"ix":3},"x":{"a":0,"k":0,"ix":4},"nm":"Mask 1"}],"shapes":[{"ty":"gr","it":[{"ty":"rc","d":1,"s":{"a":0,"k":[78,78],"ix":2},"p":{"a":0,"k":[0,0],"ix":3},"r":{"a":0,"k":20,"ix":4},"nm":"Rectangle Path 1","mn":"ADBE Vector Shape - Rect","hd":false},{"ty":"st","c":{"a":0,"k":[1,1,1,1],"ix":3},"o":{"a":0,"k":100,"ix":4},"w":{"a":0,"k":0,"ix":5},"lc":1,"lj":1,"ml":4,"bm":0,"nm":"Stroke 1","mn":"ADBE Vector Graphic - Stroke","hd":false},{"ty":"fl","c":{"a":0,"k":[0.196078434587,0.196078434587,0.196078434587,1],"ix":4},"o":{"a":0,"k":50,"ix":5},"r":1,"bm":0,"nm":"Fill 1","mn":"ADBE Vector Graphic - Fill","hd":false},{"ty":"tr","p":{"a":0,"k":[-210,-123],"ix":2},"a":{"a":0,"k":[0,0],"ix":1},"s":{"a":0,"k":[100,100],"ix":3},"r":{"a":0,"k":0,"ix":6},"o":{"a":0,"k":100,"ix":7},"sk":{"a":0,"k":0,"ix":4},"sa":{"a":0,"k":0,"ix":5},"nm":"Transform"}],"nm":"Rectangle 1","np":3,"cix":2,"bm":0,"ix":1,"mn":"ADBE Vector Group","hd":false}],"ip":31,"op":3698,"st":31,"bm":0},{"ddd":0,"ind":15,"ty":4,"nm":"Number Place 6","sr":1,"ks":{"o":{"a":0,"k":100,"ix":11},"r":{"a":0,"k":0,"ix":10},"p":{"a":0,"k":[665.5,329,0],"ix":2},"a":{"a":0,"k":[-210,-123,0],"ix":1},"s":{"a":1,"k":[{"i":{"x":[0.15,0.15,0.15],"y":[1,1,1]},"o":{"x":[0.85,0.85,0.85],"y":[0,0,0]},"t":43,"s":[0,0,100]},{"t":57,"s":[84.615,84.615,100]}],"ix":6}},"ao":0,"shapes":[{"ty":"gr","it":[{"ty":"rc","d":1,"s":{"a":0,"k":[78,78],"ix":2},"p":{"a":0,"k":[0,0],"ix":3},"r":{"a":0,"k":20,"ix":4},"nm":"Rectangle Path 1","mn":"ADBE Vector Shape - Rect","hd":false},{"ty":"st","c":{"a":0,"k":[1,1,1,1],"ix":3},"o":{"a":0,"k":100,"ix":4},"w":{"a":0,"k":0,"ix":5},"lc":1,"lj":1,"ml":4,"bm":0,"nm":"Stroke 1","mn":"ADBE Vector Graphic - Stroke","hd":false},{"ty":"fl","c":{"a":0,"k":[0.580392181873,0.580392181873,0.580392181873,1],"ix":4},"o":{"a":0,"k":35,"ix":5},"r":1,"bm":0,"nm":"Fill 1","mn":"ADBE Vector Graphic - Fill","hd":false},{"ty":"tr","p":{"a":0,"k":[-210,-123],"ix":2},"a":{"a":0,"k":[0,0],"ix":1},"s":{"a":0,"k":[100,100],"ix":3},"r":{"a":0,"k":0,"ix":6},"o":{"a":0,"k":100,"ix":7},"sk":{"a":0,"k":0,"ix":4},"sa":{"a":0,"k":0,"ix":5},"nm":"Transform"}],"nm":"Rectangle 1","np":3,"cix":2,"bm":0,"ix":1,"mn":"ADBE Vector Group","hd":false}],"ip":31,"op":3698,"st":31,"bm":0},{"ddd":0,"ind":16,"ty":5,"nm":"6","parent":15,"sr":1,"ks":{"o":{"a":0,"k":100,"ix":11},"r":{"a":0,"k":0,"ix":10},"p":{"a":0,"k":[-213.216,-123.283,0],"ix":2},"a":{"a":0,"k":[-6.216,-43.783,0],"ix":1},"s":{"a":0,"k":[42.223,42.223,100],"ix":6}},"ao":0,"t":{"d":{"k":[{"s":{"s":123,"f":"Roboto-Bold","t":"6","j":2,"tr":0,"lh":147.6,"ls":0,"fc":[1,1,1]},"t":0}]},"p":{},"m":{"g":1,"a":{"a":0,"k":[0,0],"ix":2}},"a":[]},"ip":31,"op":3698,"st":31,"bm":0},{"ddd":0,"ind":17,"ty":4,"nm":"Number Place Shadow 5","parent":18,"sr":1,"ks":{"o":{"a":0,"k":100,"ix":11},"r":{"a":0,"k":0,"ix":10},"p":{"a":0,"k":[-210,-123,0],"ix":2},"a":{"a":0,"k":[-210,-123,0],"ix":1},"s":{"a":0,"k":[100,100,100],"ix":6}},"ao":0,"hasMask":true,"masksProperties":[{"inv":false,"mode":"a","pt":{"a":0,"k":{"i":[[24.25,-24.25],[0,0],[0,0],[0,0]],"o":[[-17.625,17.625],[0,0],[0,0],[0,0]],"v":[[-192.5,-100.5],[-249,-84],[-171,-84],[-171,-162]],"c":true},"ix":1},"o":{"a":0,"k":100,"ix":3},"x":{"a":0,"k":0,"ix":4},"nm":"Mask 1"}],"shapes":[{"ty":"gr","it":[{"ty":"rc","d":1,"s":{"a":0,"k":[78,78],"ix":2},"p":{"a":0,"k":[0,0],"ix":3},"r":{"a":0,"k":20,"ix":4},"nm":"Rectangle Path 1","mn":"ADBE Vector Shape - Rect","hd":false},{"ty":"st","c":{"a":0,"k":[1,1,1,1],"ix":3},"o":{"a":0,"k":100,"ix":4},"w":{"a":0,"k":0,"ix":5},"lc":1,"lj":1,"ml":4,"bm":0,"nm":"Stroke 1","mn":"ADBE Vector Graphic - Stroke","hd":false},{"ty":"fl","c":{"a":0,"k":[0.196078434587,0.196078434587,0.196078434587,1],"ix":4},"o":{"a":0,"k":50,"ix":5},"r":1,"bm":0,"nm":"Fill 1","mn":"ADBE Vector Graphic - Fill","hd":false},{"ty":"tr","p":{"a":0,"k":[-210,-123],"ix":2},"a":{"a":0,"k":[0,0],"ix":1},"s":{"a":0,"k":[100,100],"ix":3},"r":{"a":0,"k":0,"ix":6},"o":{"a":0,"k":100,"ix":7},"sk":{"a":0,"k":0,"ix":4},"sa":{"a":0,"k":0,"ix":5},"nm":"Transform"}],"nm":"Rectangle 1","np":3,"cix":2,"bm":0,"ix":1,"mn":"ADBE Vector Group","hd":false}],"ip":31,"op":3698,"st":31,"bm":0},{"ddd":0,"ind":18,"ty":4,"nm":"Number Place 5","sr":1,"ks":{"o":{"a":0,"k":100,"ix":11},"r":{"a":0,"k":0,"ix":10},"p":{"a":0,"k":[540,329,0],"ix":2},"a":{"a":0,"k":[-210,-123,0],"ix":1},"s":{"a":1,"k":[{"i":{"x":[0.15,0.15,0.15],"y":[1,1,1]},"o":{"x":[0.85,0.85,0.85],"y":[0,0,0]},"t":42,"s":[0,0,100]},{"t":56,"s":[84.615,84.615,100]}],"ix":6}},"ao":0,"shapes":[{"ty":"gr","it":[{"ty":"rc","d":1,"s":{"a":0,"k":[78,78],"ix":2},"p":{"a":0,"k":[0,0],"ix":3},"r":{"a":0,"k":20,"ix":4},"nm":"Rectangle Path 1","mn":"ADBE Vector Shape - Rect","hd":false},{"ty":"st","c":{"a":0,"k":[1,1,1,1],"ix":3},"o":{"a":0,"k":100,"ix":4},"w":{"a":0,"k":0,"ix":5},"lc":1,"lj":1,"ml":4,"bm":0,"nm":"Stroke 1","mn":"ADBE Vector Graphic - Stroke","hd":false},{"ty":"fl","c":{"a":0,"k":[0.580392181873,0.580392181873,0.580392181873,1],"ix":4},"o":{"a":0,"k":35,"ix":5},"r":1,"bm":0,"nm":"Fill 1","mn":"ADBE Vector Graphic - Fill","hd":false},{"ty":"tr","p":{"a":0,"k":[-210,-123],"ix":2},"a":{"a":0,"k":[0,0],"ix":1},"s":{"a":0,"k":[100,100],"ix":3},"r":{"a":0,"k":0,"ix":6},"o":{"a":0,"k":100,"ix":7},"sk":{"a":0,"k":0,"ix":4},"sa":{"a":0,"k":0,"ix":5},"nm":"Transform"}],"nm":"Rectangle 1","np":3,"cix":2,"bm":0,"ix":1,"mn":"ADBE Vector Group","hd":false}],"ip":31,"op":3698,"st":31,"bm":0},{"ddd":0,"ind":19,"ty":5,"nm":"5","parent":18,"sr":1,"ks":{"o":{"a":0,"k":100,"ix":11},"r":{"a":0,"k":0,"ix":10},"p":{"a":0,"k":[-213.216,-123.283,0],"ix":2},"a":{"a":0,"k":[-6.216,-43.783,0],"ix":1},"s":{"a":0,"k":[42.223,42.223,100],"ix":6}},"ao":0,"t":{"d":{"k":[{"s":{"s":123,"f":"Roboto-Bold","t":"5","j":2,"tr":0,"lh":147.6,"ls":0,"fc":[1,1,1]},"t":0}]},"p":{},"m":{"g":1,"a":{"a":0,"k":[0,0],"ix":2}},"a":[]},"ip":31,"op":3698,"st":31,"bm":0},{"ddd":0,"ind":20,"ty":4,"nm":"Number Place Shadow 4","parent":21,"sr":1,"ks":{"o":{"a":0,"k":100,"ix":11},"r":{"a":0,"k":0,"ix":10},"p":{"a":0,"k":[-210,-123,0],"ix":2},"a":{"a":0,"k":[-210,-123,0],"ix":1},"s":{"a":0,"k":[100,100,100],"ix":6}},"ao":0,"hasMask":true,"masksProperties":[{"inv":false,"mode":"a","pt":{"a":0,"k":{"i":[[24.25,-24.25],[0,0],[0,0],[0,0]],"o":[[-17.625,17.625],[0,0],[0,0],[0,0]],"v":[[-192.5,-100.5],[-249,-84],[-171,-84],[-171,-162]],"c":true},"ix":1},"o":{"a":0,"k":100,"ix":3},"x":{"a":0,"k":0,"ix":4},"nm":"Mask 1"}],"shapes":[{"ty":"gr","it":[{"ty":"rc","d":1,"s":{"a":0,"k":[78,78],"ix":2},"p":{"a":0,"k":[0,0],"ix":3},"r":{"a":0,"k":20,"ix":4},"nm":"Rectangle Path 1","mn":"ADBE Vector Shape - Rect","hd":false},{"ty":"st","c":{"a":0,"k":[1,1,1,1],"ix":3},"o":{"a":0,"k":100,"ix":4},"w":{"a":0,"k":0,"ix":5},"lc":1,"lj":1,"ml":4,"bm":0,"nm":"Stroke 1","mn":"ADBE Vector Graphic - Stroke","hd":false},{"ty":"fl","c":{"a":0,"k":[0.196078434587,0.196078434587,0.196078434587,1],"ix":4},"o":{"a":0,"k":50,"ix":5},"r":1,"bm":0,"nm":"Fill 1","mn":"ADBE Vector Graphic - Fill","hd":false},{"ty":"tr","p":{"a":0,"k":[-210,-123],"ix":2},"a":{"a":0,"k":[0,0],"ix":1},"s":{"a":0,"k":[100,100],"ix":3},"r":{"a":0,"k":0,"ix":6},"o":{"a":0,"k":100,"ix":7},"sk":{"a":0,"k":0,"ix":4},"sa":{"a":0,"k":0,"ix":5},"nm":"Transform"}],"nm":"Rectangle 1","np":3,"cix":2,"bm":0,"ix":1,"mn":"ADBE Vector Group","hd":false}],"ip":31,"op":3698,"st":31,"bm":0},{"ddd":0,"ind":21,"ty":4,"nm":"Number Place 4","sr":1,"ks":{"o":{"a":0,"k":100,"ix":11},"r":{"a":0,"k":0,"ix":10},"p":{"a":0,"k":[415,329,0],"ix":2},"a":{"a":0,"k":[-210,-123,0],"ix":1},"s":{"a":1,"k":[{"i":{"x":[0.15,0.15,0.15],"y":[1,1,1]},"o":{"x":[0.85,0.85,0.85],"y":[0,0,0]},"t":41,"s":[0,0,100]},{"t":55,"s":[84.615,84.615,100]}],"ix":6}},"ao":0,"shapes":[{"ty":"gr","it":[{"ty":"rc","d":1,"s":{"a":0,"k":[78,78],"ix":2},"p":{"a":0,"k":[0,0],"ix":3},"r":{"a":0,"k":20,"ix":4},"nm":"Rectangle Path 1","mn":"ADBE Vector Shape - Rect","hd":false},{"ty":"st","c":{"a":0,"k":[1,1,1,1],"ix":3},"o":{"a":0,"k":100,"ix":4},"w":{"a":0,"k":0,"ix":5},"lc":1,"lj":1,"ml":4,"bm":0,"nm":"Stroke 1","mn":"ADBE Vector Graphic - Stroke","hd":false},{"ty":"fl","c":{"a":0,"k":[0.580392181873,0.580392181873,0.580392181873,1],"ix":4},"o":{"a":0,"k":35,"ix":5},"r":1,"bm":0,"nm":"Fill 1","mn":"ADBE Vector Graphic - Fill","hd":false},{"ty":"tr","p":{"a":0,"k":[-210,-123],"ix":2},"a":{"a":0,"k":[0,0],"ix":1},"s":{"a":0,"k":[100,100],"ix":3},"r":{"a":0,"k":0,"ix":6},"o":{"a":0,"k":100,"ix":7},"sk":{"a":0,"k":0,"ix":4},"sa":{"a":0,"k":0,"ix":5},"nm":"Transform"}],"nm":"Rectangle 1","np":3,"cix":2,"bm":0,"ix":1,"mn":"ADBE Vector Group","hd":false}],"ip":31,"op":3698,"st":31,"bm":0},{"ddd":0,"ind":22,"ty":5,"nm":"4","parent":21,"sr":1,"ks":{"o":{"a":0,"k":100,"ix":11},"r":{"a":0,"k":0,"ix":10},"p":{"a":0,"k":[-213.216,-123.283,0],"ix":2},"a":{"a":0,"k":[-6.216,-43.783,0],"ix":1},"s":{"a":0,"k":[42.223,42.223,100],"ix":6}},"ao":0,"t":{"d":{"k":[{"s":{"s":123,"f":"Roboto-Bold","t":"4","j":2,"tr":0,"lh":147.6,"ls":0,"fc":[1,1,1]},"t":0}]},"p":{},"m":{"g":1,"a":{"a":0,"k":[0,0],"ix":2}},"a":[]},"ip":31,"op":3698,"st":31,"bm":0},{"ddd":0,"ind":23,"ty":4,"nm":"Number Place Shadow 3","parent":24,"sr":1,"ks":{"o":{"a":0,"k":100,"ix":11},"r":{"a":0,"k":0,"ix":10},"p":{"a":0,"k":[-210,-123,0],"ix":2},"a":{"a":0,"k":[-210,-123,0],"ix":1},"s":{"a":0,"k":[100,100,100],"ix":6}},"ao":0,"hasMask":true,"masksProperties":[{"inv":false,"mode":"a","pt":{"a":0,"k":{"i":[[24.25,-24.25],[0,0],[0,0],[0,0]],"o":[[-17.625,17.625],[0,0],[0,0],[0,0]],"v":[[-192.5,-100.5],[-249,-84],[-171,-84],[-171,-162]],"c":true},"ix":1},"o":{"a":0,"k":100,"ix":3},"x":{"a":0,"k":0,"ix":4},"nm":"Mask 1"}],"shapes":[{"ty":"gr","it":[{"ty":"rc","d":1,"s":{"a":0,"k":[78,78],"ix":2},"p":{"a":0,"k":[0,0],"ix":3},"r":{"a":0,"k":20,"ix":4},"nm":"Rectangle Path 1","mn":"ADBE Vector Shape - Rect","hd":false},{"ty":"st","c":{"a":0,"k":[1,1,1,1],"ix":3},"o":{"a":0,"k":100,"ix":4},"w":{"a":0,"k":0,"ix":5},"lc":1,"lj":1,"ml":4,"bm":0,"nm":"Stroke 1","mn":"ADBE Vector Graphic - Stroke","hd":false},{"ty":"fl","c":{"a":0,"k":[0.196078434587,0.196078434587,0.196078434587,1],"ix":4},"o":{"a":0,"k":50,"ix":5},"r":1,"bm":0,"nm":"Fill 1","mn":"ADBE Vector Graphic - Fill","hd":false},{"ty":"tr","p":{"a":0,"k":[-210,-123],"ix":2},"a":{"a":0,"k":[0,0],"ix":1},"s":{"a":0,"k":[100,100],"ix":3},"r":{"a":0,"k":0,"ix":6},"o":{"a":0,"k":100,"ix":7},"sk":{"a":0,"k":0,"ix":4},"sa":{"a":0,"k":0,"ix":5},"nm":"Transform"}],"nm":"Rectangle 1","np":3,"cix":2,"bm":0,"ix":1,"mn":"ADBE Vector Group","hd":false}],"ip":31,"op":3698,"st":31,"bm":0},{"ddd":0,"ind":24,"ty":4,"nm":"Number Place 3","sr":1,"ks":{"o":{"a":0,"k":100,"ix":11},"r":{"a":0,"k":0,"ix":10},"p":{"a":0,"k":[330,415.5,0],"ix":2},"a":{"a":0,"k":[-210,-123,0],"ix":1},"s":{"a":1,"k":[{"i":{"x":[0.15,0.15,0.15],"y":[1,1,1]},"o":{"x":[0.85,0.85,0.85],"y":[0,0,0]},"t":40,"s":[0,0,100]},{"t":54,"s":[84.615,84.615,100]}],"ix":6}},"ao":0,"shapes":[{"ty":"gr","it":[{"ty":"rc","d":1,"s":{"a":0,"k":[78,78],"ix":2},"p":{"a":0,"k":[0,0],"ix":3},"r":{"a":0,"k":20,"ix":4},"nm":"Rectangle Path 1","mn":"ADBE Vector Shape - Rect","hd":false},{"ty":"st","c":{"a":0,"k":[1,1,1,1],"ix":3},"o":{"a":0,"k":100,"ix":4},"w":{"a":0,"k":0,"ix":5},"lc":1,"lj":1,"ml":4,"bm":0,"nm":"Stroke 1","mn":"ADBE Vector Graphic - Stroke","hd":false},{"ty":"fl","c":{"a":0,"k":[0.580392181873,0.580392181873,0.580392181873,1],"ix":4},"o":{"a":0,"k":35,"ix":5},"r":1,"bm":0,"nm":"Fill 1","mn":"ADBE Vector Graphic - Fill","hd":false},{"ty":"tr","p":{"a":0,"k":[-210,-123],"ix":2},"a":{"a":0,"k":[0,0],"ix":1},"s":{"a":0,"k":[100,100],"ix":3},"r":{"a":0,"k":0,"ix":6},"o":{"a":0,"k":100,"ix":7},"sk":{"a":0,"k":0,"ix":4},"sa":{"a":0,"k":0,"ix":5},"nm":"Transform"}],"nm":"Rectangle 1","np":3,"cix":2,"bm":0,"ix":1,"mn":"ADBE Vector Group","hd":false}],"ip":31,"op":3698,"st":31,"bm":0},{"ddd":0,"ind":25,"ty":5,"nm":"3","parent":24,"sr":1,"ks":{"o":{"a":0,"k":100,"ix":11},"r":{"a":0,"k":0,"ix":10},"p":{"a":0,"k":[-213.216,-123.283,0],"ix":2},"a":{"a":0,"k":[-6.216,-43.783,0],"ix":1},"s":{"a":0,"k":[42.223,42.223,100],"ix":6}},"ao":0,"t":{"d":{"k":[{"s":{"s":123,"f":"Roboto-Bold","t":"3","j":2,"tr":0,"lh":147.6,"ls":0,"fc":[1,1,1]},"t":0}]},"p":{},"m":{"g":1,"a":{"a":0,"k":[0,0],"ix":2}},"a":[]},"ip":31,"op":3698,"st":31,"bm":0},{"ddd":0,"ind":26,"ty":4,"nm":"Number Place Shadow 2","parent":27,"sr":1,"ks":{"o":{"a":0,"k":100,"ix":11},"r":{"a":0,"k":0,"ix":10},"p":{"a":0,"k":[-210,-123,0],"ix":2},"a":{"a":0,"k":[-210,-123,0],"ix":1},"s":{"a":0,"k":[100,100,100],"ix":6}},"ao":0,"hasMask":true,"masksProperties":[{"inv":false,"mode":"a","pt":{"a":0,"k":{"i":[[24.25,-24.25],[0,0],[0,0],[0,0]],"o":[[-17.625,17.625],[0,0],[0,0],[0,0]],"v":[[-192.5,-100.5],[-249,-84],[-171,-84],[-171,-162]],"c":true},"ix":1},"o":{"a":0,"k":100,"ix":3},"x":{"a":0,"k":0,"ix":4},"nm":"Mask 1"}],"shapes":[{"ty":"gr","it":[{"ty":"rc","d":1,"s":{"a":0,"k":[78,78],"ix":2},"p":{"a":0,"k":[0,0],"ix":3},"r":{"a":0,"k":20,"ix":4},"nm":"Rectangle Path 1","mn":"ADBE Vector Shape - Rect","hd":false},{"ty":"st","c":{"a":0,"k":[1,1,1,1],"ix":3},"o":{"a":0,"k":100,"ix":4},"w":{"a":0,"k":0,"ix":5},"lc":1,"lj":1,"ml":4,"bm":0,"nm":"Stroke 1","mn":"ADBE Vector Graphic - Stroke","hd":false},{"ty":"fl","c":{"a":0,"k":[0.196078434587,0.196078434587,0.196078434587,1],"ix":4},"o":{"a":0,"k":50,"ix":5},"r":1,"bm":0,"nm":"Fill 1","mn":"ADBE Vector Graphic - Fill","hd":false},{"ty":"tr","p":{"a":0,"k":[-210,-123],"ix":2},"a":{"a":0,"k":[0,0],"ix":1},"s":{"a":0,"k":[100,100],"ix":3},"r":{"a":0,"k":0,"ix":6},"o":{"a":0,"k":100,"ix":7},"sk":{"a":0,"k":0,"ix":4},"sa":{"a":0,"k":0,"ix":5},"nm":"Transform"}],"nm":"Rectangle 1","np":3,"cix":2,"bm":0,"ix":1,"mn":"ADBE Vector Group","hd":false}],"ip":31,"op":3698,"st":31,"bm":0},{"ddd":0,"ind":27,"ty":4,"nm":"Number Place 2","sr":1,"ks":{"o":{"a":0,"k":100,"ix":11},"r":{"a":0,"k":0,"ix":10},"p":{"a":0,"k":[330,499,0],"ix":2},"a":{"a":0,"k":[-210,-123,0],"ix":1},"s":{"a":1,"k":[{"i":{"x":[0.15,0.15,0.15],"y":[1,1,1]},"o":{"x":[0.85,0.85,0.85],"y":[0,0,0]},"t":39,"s":[0,0,100]},{"t":53,"s":[84.615,84.615,100]}],"ix":6}},"ao":0,"shapes":[{"ty":"gr","it":[{"ty":"rc","d":1,"s":{"a":0,"k":[78,78],"ix":2},"p":{"a":0,"k":[0,0],"ix":3},"r":{"a":0,"k":20,"ix":4},"nm":"Rectangle Path 1","mn":"ADBE Vector Shape - Rect","hd":false},{"ty":"st","c":{"a":0,"k":[1,1,1,1],"ix":3},"o":{"a":0,"k":100,"ix":4},"w":{"a":0,"k":0,"ix":5},"lc":1,"lj":1,"ml":4,"bm":0,"nm":"Stroke 1","mn":"ADBE Vector Graphic - Stroke","hd":false},{"ty":"fl","c":{"a":0,"k":[0.580392181873,0.580392181873,0.580392181873,1],"ix":4},"o":{"a":0,"k":35,"ix":5},"r":1,"bm":0,"nm":"Fill 1","mn":"ADBE Vector Graphic - Fill","hd":false},{"ty":"tr","p":{"a":0,"k":[-210,-123],"ix":2},"a":{"a":0,"k":[0,0],"ix":1},"s":{"a":0,"k":[100,100],"ix":3},"r":{"a":0,"k":0,"ix":6},"o":{"a":0,"k":100,"ix":7},"sk":{"a":0,"k":0,"ix":4},"sa":{"a":0,"k":0,"ix":5},"nm":"Transform"}],"nm":"Rectangle 1","np":3,"cix":2,"bm":0,"ix":1,"mn":"ADBE Vector Group","hd":false}],"ip":31,"op":3698,"st":31,"bm":0},{"ddd":0,"ind":28,"ty":5,"nm":"2","parent":27,"sr":1,"ks":{"o":{"a":0,"k":100,"ix":11},"r":{"a":0,"k":0,"ix":10},"p":{"a":0,"k":[-213.216,-123.283,0],"ix":2},"a":{"a":0,"k":[-6.216,-43.783,0],"ix":1},"s":{"a":0,"k":[42.223,42.223,100],"ix":6}},"ao":0,"t":{"d":{"k":[{"s":{"s":123,"f":"Roboto-Bold","t":"2","j":2,"tr":0,"lh":147.6,"ls":0,"fc":[1,1,1]},"t":0}]},"p":{},"m":{"g":1,"a":{"a":0,"k":[0,0],"ix":2}},"a":[]},"ip":31,"op":3698,"st":31,"bm":0},{"ddd":0,"ind":29,"ty":4,"nm":"Number Place Shadow","parent":30,"sr":1,"ks":{"o":{"a":0,"k":100,"ix":11},"r":{"a":0,"k":0,"ix":10},"p":{"a":0,"k":[-210,-123,0],"ix":2},"a":{"a":0,"k":[-210,-123,0],"ix":1},"s":{"a":0,"k":[100,100,100],"ix":6}},"ao":0,"hasMask":true,"masksProperties":[{"inv":false,"mode":"a","pt":{"a":0,"k":{"i":[[24.25,-24.25],[0,0],[0,0],[0,0]],"o":[[-17.625,17.625],[0,0],[0,0],[0,0]],"v":[[-192.5,-100.5],[-249,-84],[-171,-84],[-171,-162]],"c":true},"ix":1},"o":{"a":0,"k":100,"ix":3},"x":{"a":0,"k":0,"ix":4},"nm":"Mask 1"}],"shapes":[{"ty":"gr","it":[{"ty":"rc","d":1,"s":{"a":0,"k":[78,78],"ix":2},"p":{"a":0,"k":[0,0],"ix":3},"r":{"a":0,"k":20,"ix":4},"nm":"Rectangle Path 1","mn":"ADBE Vector Shape - Rect","hd":false},{"ty":"st","c":{"a":0,"k":[1,1,1,1],"ix":3},"o":{"a":0,"k":100,"ix":4},"w":{"a":0,"k":0,"ix":5},"lc":1,"lj":1,"ml":4,"bm":0,"nm":"Stroke 1","mn":"ADBE Vector Graphic - Stroke","hd":false},{"ty":"fl","c":{"a":0,"k":[0.196078434587,0.196078434587,0.196078434587,1],"ix":4},"o":{"a":0,"k":50,"ix":5},"r":1,"bm":0,"nm":"Fill 1","mn":"ADBE Vector Graphic - Fill","hd":false},{"ty":"tr","p":{"a":0,"k":[-210,-123],"ix":2},"a":{"a":0,"k":[0,0],"ix":1},"s":{"a":0,"k":[100,100],"ix":3},"r":{"a":0,"k":0,"ix":6},"o":{"a":0,"k":100,"ix":7},"sk":{"a":0,"k":0,"ix":4},"sa":{"a":0,"k":0,"ix":5},"nm":"Transform"}],"nm":"Rectangle 1","np":3,"cix":2,"bm":0,"ix":1,"mn":"ADBE Vector Group","hd":false}],"ip":31,"op":3698,"st":31,"bm":0},{"ddd":0,"ind":30,"ty":4,"nm":"Number Place","sr":1,"ks":{"o":{"a":0,"k":100,"ix":11},"r":{"a":0,"k":0,"ix":10},"p":{"a":0,"k":[330,582.25,0],"ix":2},"a":{"a":0,"k":[-210,-123,0],"ix":1},"s":{"a":1,"k":[{"i":{"x":[0.15,0.15,0.15],"y":[1,1,1]},"o":{"x":[0.85,0.85,0.85],"y":[0,0,0]},"t":38,"s":[0,0,100]},{"t":52,"s":[84.615,84.615,100]}],"ix":6}},"ao":0,"shapes":[{"ty":"gr","it":[{"ty":"rc","d":1,"s":{"a":0,"k":[78,78],"ix":2},"p":{"a":0,"k":[0,0],"ix":3},"r":{"a":0,"k":20,"ix":4},"nm":"Rectangle Path 1","mn":"ADBE Vector Shape - Rect","hd":false},{"ty":"st","c":{"a":0,"k":[1,1,1,1],"ix":3},"o":{"a":0,"k":100,"ix":4},"w":{"a":0,"k":0,"ix":5},"lc":1,"lj":1,"ml":4,"bm":0,"nm":"Stroke 1","mn":"ADBE Vector Graphic - Stroke","hd":false},{"ty":"fl","c":{"a":0,"k":[0.580392181873,0.580392181873,0.580392181873,1],"ix":4},"o":{"a":0,"k":35,"ix":5},"r":1,"bm":0,"nm":"Fill 1","mn":"ADBE Vector Graphic - Fill","hd":false},{"ty":"tr","p":{"a":0,"k":[-210,-123],"ix":2},"a":{"a":0,"k":[0,0],"ix":1},"s":{"a":0,"k":[100,100],"ix":3},"r":{"a":0,"k":0,"ix":6},"o":{"a":0,"k":100,"ix":7},"sk":{"a":0,"k":0,"ix":4},"sa":{"a":0,"k":0,"ix":5},"nm":"Transform"}],"nm":"Rectangle 1","np":3,"cix":2,"bm":0,"ix":1,"mn":"ADBE Vector Group","hd":false}],"ip":31,"op":3698,"st":31,"bm":0},{"ddd":0,"ind":31,"ty":5,"nm":"1","parent":30,"sr":1,"ks":{"o":{"a":0,"k":100,"ix":11},"r":{"a":0,"k":0,"ix":10},"p":{"a":0,"k":[-213.216,-123.283,0],"ix":2},"a":{"a":0,"k":[-6.216,-43.783,0],"ix":1},"s":{"a":0,"k":[42.223,42.223,100],"ix":6}},"ao":0,"t":{"d":{"k":[{"s":{"s":123,"f":"Roboto-Bold","t":"1","j":2,"tr":0,"lh":147.6,"ls":0,"fc":[1,1,1]},"t":0}]},"p":{},"m":{"g":1,"a":{"a":0,"k":[0,0],"ix":2}},"a":[]},"ip":31,"op":3698,"st":31,"bm":0},{"ddd":0,"ind":32,"ty":4,"nm":"Number Place Shadow 0","parent":33,"sr":1,"ks":{"o":{"a":0,"k":100,"ix":11},"r":{"a":0,"k":0,"ix":10},"p":{"a":0,"k":[-210,-123,0],"ix":2},"a":{"a":0,"k":[-210,-123,0],"ix":1},"s":{"a":0,"k":[100,100,100],"ix":6}},"ao":0,"hasMask":true,"masksProperties":[{"inv":false,"mode":"a","pt":{"a":0,"k":{"i":[[24.25,-24.25],[0,0],[0,0],[0,0]],"o":[[-17.625,17.625],[0,0],[0,0],[0,0]],"v":[[-192.5,-100.5],[-249,-84],[-171,-84],[-171,-162]],"c":true},"ix":1},"o":{"a":0,"k":100,"ix":3},"x":{"a":0,"k":0,"ix":4},"nm":"Mask 1"}],"shapes":[{"ty":"gr","it":[{"ty":"rc","d":1,"s":{"a":0,"k":[78,78],"ix":2},"p":{"a":0,"k":[0,0],"ix":3},"r":{"a":0,"k":20,"ix":4},"nm":"Rectangle Path 1","mn":"ADBE Vector Shape - Rect","hd":false},{"ty":"st","c":{"a":0,"k":[1,1,1,1],"ix":3},"o":{"a":0,"k":100,"ix":4},"w":{"a":0,"k":0,"ix":5},"lc":1,"lj":1,"ml":4,"bm":0,"nm":"Stroke 1","mn":"ADBE Vector Graphic - Stroke","hd":false},{"ty":"fl","c":{"a":0,"k":[0.196078434587,0.196078434587,0.196078434587,1],"ix":4},"o":{"a":0,"k":50,"ix":5},"r":1,"bm":0,"nm":"Fill 1","mn":"ADBE Vector Graphic - Fill","hd":false},{"ty":"tr","p":{"a":0,"k":[-210,-123],"ix":2},"a":{"a":0,"k":[0,0],"ix":1},"s":{"a":0,"k":[100,100],"ix":3},"r":{"a":0,"k":0,"ix":6},"o":{"a":0,"k":100,"ix":7},"sk":{"a":0,"k":0,"ix":4},"sa":{"a":0,"k":0,"ix":5},"nm":"Transform"}],"nm":"Rectangle 1","np":3,"cix":2,"bm":0,"ix":1,"mn":"ADBE Vector Group","hd":false}],"ip":31,"op":3698,"st":31,"bm":0},{"ddd":0,"ind":33,"ty":4,"nm":"Number Place 0","sr":1,"ks":{"o":{"a":0,"k":100,"ix":11},"r":{"a":0,"k":0,"ix":10},"p":{"a":0,"k":[330,664.5,0],"ix":2},"a":{"a":0,"k":[-210,-123,0],"ix":1},"s":{"a":1,"k":[{"i":{"x":[0.15,0.15,0.15],"y":[1,1,1]},"o":{"x":[0.85,0.85,0.85],"y":[0,0,0]},"t":37,"s":[0,0,100]},{"t":51,"s":[84.615,84.615,100]}],"ix":6}},"ao":0,"shapes":[{"ty":"gr","it":[{"ty":"rc","d":1,"s":{"a":0,"k":[78,78],"ix":2},"p":{"a":0,"k":[0,0],"ix":3},"r":{"a":0,"k":20,"ix":4},"nm":"Rectangle Path 1","mn":"ADBE Vector Shape - Rect","hd":false},{"ty":"st","c":{"a":0,"k":[1,1,1,1],"ix":3},"o":{"a":0,"k":100,"ix":4},"w":{"a":0,"k":0,"ix":5},"lc":1,"lj":1,"ml":4,"bm":0,"nm":"Stroke 1","mn":"ADBE Vector Graphic - Stroke","hd":false},{"ty":"fl","c":{"a":0,"k":[0.580392181873,0.580392181873,0.580392181873,1],"ix":4},"o":{"a":0,"k":35,"ix":5},"r":1,"bm":0,"nm":"Fill 1","mn":"ADBE Vector Graphic - Fill","hd":false},{"ty":"tr","p":{"a":0,"k":[-210,-123],"ix":2},"a":{"a":0,"k":[0,0],"ix":1},"s":{"a":0,"k":[100,100],"ix":3},"r":{"a":0,"k":0,"ix":6},"o":{"a":0,"k":100,"ix":7},"sk":{"a":0,"k":0,"ix":4},"sa":{"a":0,"k":0,"ix":5},"nm":"Transform"}],"nm":"Rectangle 1","np":3,"cix":2,"bm":0,"ix":1,"mn":"ADBE Vector Group","hd":false}],"ip":31,"op":3698,"st":31,"bm":0},{"ddd":0,"ind":34,"ty":5,"nm":"0","parent":33,"sr":1,"ks":{"o":{"a":0,"k":100,"ix":11},"r":{"a":0,"k":0,"ix":10},"p":{"a":0,"k":[-213.216,-123.283,0],"ix":2},"a":{"a":0,"k":[-6.216,-43.783,0],"ix":1},"s":{"a":0,"k":[42.223,42.223,100],"ix":6}},"ao":0,"t":{"d":{"k":[{"s":{"s":123,"f":"Roboto-Bold","t":"0","j":2,"tr":0,"lh":147.6,"ls":0,"fc":[1,1,1]},"t":0}]},"p":{},"m":{"g":1,"a":{"a":0,"k":[0,0],"ix":2}},"a":[]},"ip":31,"op":3698,"st":31,"bm":0},{"ddd":0,"ind":35,"ty":4,"nm":"Star","sr":1,"ks":{"o":{"a":0,"k":100,"ix":11},"r":{"a":0,"k":0,"ix":10},"p":{"a":0,"k":[666.25,765,0],"ix":2},"a":{"a":0,"k":[14,14,0],"ix":1},"s":{"a":1,"k":[{"i":{"x":[0.15,0.15,0.15],"y":[1,1,1]},"o":{"x":[0.85,0.85,0.85],"y":[0,0,0]},"t":31,"s":[0,0,100]},{"t":45,"s":[239.715,239.715,100]}],"ix":6}},"ao":0,"shapes":[{"ty":"gr","it":[{"ind":0,"ty":"sh","ix":1,"ks":{"a":0,"k":{"i":[[0,0],[0,0],[0,0],[0,0],[0,0],[0,0],[0,0],[0,0],[0,0],[0,0],[0,0],[0,0],[0,0],[0,0],[0,0],[0,0],[0,0],[0,0],[0,0],[0,0],[0,0],[0,0],[0,0],[0,0]],"o":[[0,0],[0,0],[0,0],[0,0],[0,0],[0,0],[0,0],[0,0],[0,0],[0,0],[0,0],[0,0],[0,0],[0,0],[0,0],[0,0],[0,0],[0,0],[0,0],[0,0],[0,0],[0,0],[0,0],[0,0]],"v":[[9.91,-10.218],[2.529,-1.537],[2.598,-1.333],[13.465,-3.52],[13.465,3.383],[2.529,1.469],[2.461,1.675],[9.91,10.08],[3.828,13.635],[-0.069,3.041],[-0.206,3.11],[-4.169,13.635],[-10.047,10.08],[-2.734,1.537],[-2.734,1.4],[-13.465,3.383],[-13.465,-3.52],[-2.871,-1.402],[-2.802,-1.537],[-10.047,-10.149],[-3.965,-13.635],[-0.137,-3.179],[0,-3.179],[3.896,-13.635]],"c":true},"ix":2},"nm":"Path 1","mn":"ADBE Vector Shape - Group","hd":false},{"ty":"fl","c":{"a":1,"k":[{"i":{"x":[0.15],"y":[1]},"o":{"x":[0.85],"y":[0]},"t":90,"s":[1,1,1,1]},{"t":120,"s":[0.662745118141,0.17673201859,0.17673201859,1]}],"ix":4},"o":{"a":0,"k":100,"ix":5},"r":1,"bm":0,"nm":"Fill 1","mn":"ADBE Vector Graphic - Fill","hd":false},{"ty":"tr","p":{"a":0,"k":[13.714,13.885],"ix":2},"a":{"a":0,"k":[0,0],"ix":1},"s":{"a":0,"k":[100,100],"ix":3},"r":{"a":0,"k":0,"ix":6},"o":{"a":0,"k":100,"ix":7},"sk":{"a":0,"k":0,"ix":4},"sa":{"a":0,"k":0,"ix":5},"nm":"Transform"}],"nm":"Group 1","np":2,"cix":2,"bm":0,"ix":1,"mn":"ADBE Vector Group","hd":false}],"ip":31,"op":3698.2,"st":31,"bm":0},{"ddd":0,"ind":36,"ty":4,"nm":"Star","sr":1,"ks":{"o":{"a":0,"k":100,"ix":11},"r":{"a":0,"k":0,"ix":10},"p":{"a":0,"k":[584.75,765,0],"ix":2},"a":{"a":0,"k":[14,14,0],"ix":1},"s":{"a":1,"k":[{"i":{"x":[0.15,0.15,0.15],"y":[1,1,1]},"o":{"x":[0.85,0.85,0.85],"y":[0,0,0]},"t":25,"s":[0,0,100]},{"t":45,"s":[239.715,239.715,100]}],"ix":6}},"ao":0,"shapes":[{"ty":"gr","it":[{"ind":0,"ty":"sh","ix":1,"ks":{"a":0,"k":{"i":[[0,0],[0,0],[0,0],[0,0],[0,0],[0,0],[0,0],[0,0],[0,0],[0,0],[0,0],[0,0],[0,0],[0,0],[0,0],[0,0],[0,0],[0,0],[0,0],[0,0],[0,0],[0,0],[0,0],[0,0]],"o":[[0,0],[0,0],[0,0],[0,0],[0,0],[0,0],[0,0],[0,0],[0,0],[0,0],[0,0],[0,0],[0,0],[0,0],[0,0],[0,0],[0,0],[0,0],[0,0],[0,0],[0,0],[0,0],[0,0],[0,0]],"v":[[9.91,-10.218],[2.529,-1.537],[2.598,-1.333],[13.465,-3.52],[13.465,3.383],[2.529,1.469],[2.461,1.675],[9.91,10.08],[3.828,13.635],[-0.069,3.041],[-0.206,3.11],[-4.169,13.635],[-10.047,10.08],[-2.734,1.537],[-2.734,1.4],[-13.465,3.383],[-13.465,-3.52],[-2.871,-1.402],[-2.802,-1.537],[-10.047,-10.149],[-3.965,-13.635],[-0.137,-3.179],[0,-3.179],[3.896,-13.635]],"c":true},"ix":2},"nm":"Path 1","mn":"ADBE Vector Shape - Group","hd":false},{"ty":"fl","c":{"a":1,"k":[{"i":{"x":[0.15],"y":[1]},"o":{"x":[0.85],"y":[0]},"t":82,"s":[1,1,1,1]},{"t":112,"s":[0.662745118141,0.17673201859,0.17673201859,1]}],"ix":4},"o":{"a":0,"k":100,"ix":5},"r":1,"bm":0,"nm":"Fill 1","mn":"ADBE Vector Graphic - Fill","hd":false},{"ty":"tr","p":{"a":0,"k":[13.714,13.885],"ix":2},"a":{"a":0,"k":[0,0],"ix":1},"s":{"a":0,"k":[100,100],"ix":3},"r":{"a":0,"k":0,"ix":6},"o":{"a":0,"k":100,"ix":7},"sk":{"a":0,"k":0,"ix":4},"sa":{"a":0,"k":0,"ix":5},"nm":"Transform"}],"nm":"Group 1","np":2,"cix":2,"bm":0,"ix":1,"mn":"ADBE Vector Group","hd":false}],"ip":25,"op":3692.2,"st":25,"bm":0},{"ddd":0,"ind":37,"ty":4,"nm":"Star 2","sr":1,"ks":{"o":{"a":0,"k":100,"ix":11},"r":{"a":0,"k":0,"ix":10},"p":{"a":0,"k":[502.25,765,0],"ix":2},"a":{"a":0,"k":[14,14,0],"ix":1},"s":{"a":1,"k":[{"i":{"x":[0.15,0.15,0.15],"y":[1,1,1]},"o":{"x":[0.85,0.85,0.85],"y":[0,0,0]},"t":19,"s":[0,0,100]},{"t":45,"s":[239.715,239.715,100]}],"ix":6}},"ao":0,"shapes":[{"ty":"gr","it":[{"ind":0,"ty":"sh","ix":1,"ks":{"a":0,"k":{"i":[[0,0],[0,0],[0,0],[0,0],[0,0],[0,0],[0,0],[0,0],[0,0],[0,0],[0,0],[0,0],[0,0],[0,0],[0,0],[0,0],[0,0],[0,0],[0,0],[0,0],[0,0],[0,0],[0,0],[0,0]],"o":[[0,0],[0,0],[0,0],[0,0],[0,0],[0,0],[0,0],[0,0],[0,0],[0,0],[0,0],[0,0],[0,0],[0,0],[0,0],[0,0],[0,0],[0,0],[0,0],[0,0],[0,0],[0,0],[0,0],[0,0]],"v":[[9.91,-10.218],[2.529,-1.537],[2.598,-1.333],[13.465,-3.52],[13.465,3.383],[2.529,1.469],[2.461,1.675],[9.91,10.08],[3.828,13.635],[-0.069,3.041],[-0.206,3.11],[-4.169,13.635],[-10.047,10.08],[-2.734,1.537],[-2.734,1.4],[-13.465,3.383],[-13.465,-3.52],[-2.871,-1.402],[-2.802,-1.537],[-10.047,-10.149],[-3.965,-13.635],[-0.137,-3.179],[0,-3.179],[3.896,-13.635]],"c":true},"ix":2},"nm":"Path 1","mn":"ADBE Vector Shape - Group","hd":false},{"ty":"fl","c":{"a":1,"k":[{"i":{"x":[0.15],"y":[1]},"o":{"x":[0.85],"y":[0]},"t":71,"s":[1,1,1,1]},{"t":101,"s":[0.662745118141,0.17673201859,0.17673201859,1]}],"ix":4},"o":{"a":0,"k":100,"ix":5},"r":1,"bm":0,"nm":"Fill 1","mn":"ADBE Vector Graphic - Fill","hd":false},{"ty":"tr","p":{"a":0,"k":[13.714,13.885],"ix":2},"a":{"a":0,"k":[0,0],"ix":1},"s":{"a":0,"k":[100,100],"ix":3},"r":{"a":0,"k":0,"ix":6},"o":{"a":0,"k":100,"ix":7},"sk":{"a":0,"k":0,"ix":4},"sa":{"a":0,"k":0,"ix":5},"nm":"Transform"}],"nm":"Group 1","np":2,"cix":2,"bm":0,"ix":1,"mn":"ADBE Vector Group","hd":false}],"ip":19,"op":3686.2,"st":19,"bm":0},{"ddd":0,"ind":38,"ty":4,"nm":"Star","sr":1,"ks":{"o":{"a":0,"k":100,"ix":11},"r":{"a":0,"k":0,"ix":10},"p":{"a":0,"k":[415.461,765,0],"ix":2},"a":{"a":0,"k":[14,14,0],"ix":1},"s":{"a":1,"k":[{"i":{"x":[0.15,0.15,0.15],"y":[1,1,1]},"o":{"x":[0.85,0.85,0.85],"y":[0,0,0]},"t":15,"s":[0,0,100]},{"t":45,"s":[239.715,239.715,100]}],"ix":6}},"ao":0,"shapes":[{"ty":"gr","it":[{"ind":0,"ty":"sh","ix":1,"ks":{"a":0,"k":{"i":[[0,0],[0,0],[0,0],[0,0],[0,0],[0,0],[0,0],[0,0],[0,0],[0,0],[0,0],[0,0],[0,0],[0,0],[0,0],[0,0],[0,0],[0,0],[0,0],[0,0],[0,0],[0,0],[0,0],[0,0]],"o":[[0,0],[0,0],[0,0],[0,0],[0,0],[0,0],[0,0],[0,0],[0,0],[0,0],[0,0],[0,0],[0,0],[0,0],[0,0],[0,0],[0,0],[0,0],[0,0],[0,0],[0,0],[0,0],[0,0],[0,0]],"v":[[9.91,-10.218],[2.529,-1.537],[2.598,-1.333],[13.465,-3.52],[13.465,3.383],[2.529,1.469],[2.461,1.675],[9.91,10.08],[3.828,13.635],[-0.069,3.041],[-0.206,3.11],[-4.169,13.635],[-10.047,10.08],[-2.734,1.537],[-2.734,1.4],[-13.465,3.383],[-13.465,-3.52],[-2.871,-1.402],[-2.802,-1.537],[-10.047,-10.149],[-3.965,-13.635],[-0.137,-3.179],[0,-3.179],[3.896,-13.635]],"c":true},"ix":2},"nm":"Path 1","mn":"ADBE Vector Shape - Group","hd":false},{"ty":"fl","c":{"a":1,"k":[{"i":{"x":[0.15],"y":[1]},"o":{"x":[0.85],"y":[0]},"t":60,"s":[1,1,1,1]},{"t":90,"s":[0.662745118141,0.17673201859,0.17673201859,1]}],"ix":4},"o":{"a":0,"k":100,"ix":5},"r":1,"bm":0,"nm":"Fill 1","mn":"ADBE Vector Graphic - Fill","hd":false},{"ty":"tr","p":{"a":0,"k":[13.714,13.885],"ix":2},"a":{"a":0,"k":[0,0],"ix":1},"s":{"a":0,"k":[100,100],"ix":3},"r":{"a":0,"k":0,"ix":6},"o":{"a":0,"k":100,"ix":7},"sk":{"a":0,"k":0,"ix":4},"sa":{"a":0,"k":0,"ix":5},"nm":"Transform"}],"nm":"Group 1","np":2,"cix":2,"bm":0,"ix":1,"mn":"ADBE Vector Group","hd":false}],"ip":15,"op":3686.2,"st":19,"bm":0},{"ddd":0,"ind":39,"ty":4,"nm":"Dark Side","sr":1,"ks":{"o":{"a":0,"k":100,"ix":11},"r":{"a":0,"k":0,"ix":10},"p":{"a":0,"k":[540,540,0],"ix":2},"a":{"a":0,"k":[-14,32,0],"ix":1},"s":{"a":1,"k":[{"i":{"x":[0.833,0.833,0.833],"y":[1,1,1]},"o":{"x":[0.333,0.333,0.333],"y":[0,0,0]},"t":0,"s":[52.667,52.667,100]},{"i":{"x":[0.833,0.833,0.833],"y":[1,1,1]},"o":{"x":[0.167,0.167,0.167],"y":[0,0,0]},"t":2,"s":[50,50,100]},{"i":{"x":[0.667,0.667,0.667],"y":[1,1,1]},"o":{"x":[0.167,0.167,0.167],"y":[0,0,0]},"t":6,"s":[54,54,100]},{"t":29,"s":[52.667,52.667,100]}],"ix":6}},"ao":0,"hasMask":true,"masksProperties":[{"inv":false,"mode":"a","pt":{"a":0,"k":{"i":[[0,0],[0,0],[0,0],[131.013,-131.013]],"o":[[0,0],[0,0],[0,0],[-112.974,112.974]],"v":[[-247.544,371.873],[286,332],[352.456,-228.127],[152.139,186.747]],"c":true},"ix":1},"o":{"a":0,"k":100,"ix":3},"x":{"a":0,"k":0,"ix":4},"nm":"Mask 1"}],"shapes":[{"ty":"gr","it":[{"ty":"rc","d":1,"s":{"a":0,"k":[600,600],"ix":2},"p":{"a":0,"k":[0,0],"ix":3},"r":{"a":0,"k":91,"ix":4},"nm":"Rectangle Path 1","mn":"ADBE Vector Shape - Rect","hd":false},{"ty":"st","c":{"a":0,"k":[1,1,1,1],"ix":3},"o":{"a":0,"k":100,"ix":4},"w":{"a":0,"k":0,"ix":5},"lc":1,"lj":1,"ml":4,"bm":0,"nm":"Stroke 1","mn":"ADBE Vector Graphic - Stroke","hd":false},{"ty":"fl","c":{"a":0,"k":[0.192156862745,0.192156862745,0.192156862745,1],"ix":4},"o":{"a":0,"k":50,"ix":5},"r":1,"bm":0,"nm":"Fill 1","mn":"ADBE Vector Graphic - Fill","hd":false},{"ty":"tr","p":{"a":0,"k":[-14,32],"ix":2},"a":{"a":0,"k":[0,0],"ix":1},"s":{"a":0,"k":[100,100],"ix":3},"r":{"a":0,"k":0,"ix":6},"o":{"a":0,"k":100,"ix":7},"sk":{"a":0,"k":0,"ix":4},"sa":{"a":0,"k":0,"ix":5},"nm":"Transform"}],"nm":"Rectangle 1","np":3,"cix":2,"bm":0,"ix":1,"mn":"ADBE Vector Group","hd":false}],"ip":0,"op":3667.2,"st":0,"bm":0},{"ddd":0,"ind":40,"ty":1,"nm":"LOG IN Outlines","sr":1,"ks":{"o":{"a":0,"k":100,"ix":11},"r":{"a":0,"k":0,"ix":10},"p":{"a":0,"k":[540,540,0],"ix":2},"a":{"a":0,"k":[540,540,0],"ix":1},"s":{"a":0,"k":[100,100,100],"ix":6,"x":"var $bm_rt;\n$bm_rt = value = $bm_mul(thisComp.layer('Light SIde').transform.scale, 2);"}},"ao":0,"hasMask":true,"masksProperties":[{"inv":false,"mode":"a","pt":{"a":1,"k":[{"i":{"x":0.15,"y":1},"o":{"x":0.85,"y":0},"t":15,"s":[{"i":[[0,0],[0,0],[0,0],[0,0],[0,0],[0,0],[0,0],[0,0]],"o":[[0,0],[0,0],[0,0],[0,0],[0,0],[0,0],[0,0],[0,0]],"v":[[479.199,464.966],[473.418,464.966],[467.637,464.966],[467.637,493.024],[467.637,521.083],[503.751,521.083],[503.751,511.795],[479.199,511.795]],"c":true}]},{"t":45,"s":[{"i":[[0,0],[7.832,0],[0,0],[0,-7.395],[0,0],[-7.838,0],[0,0],[0,7.39]],"o":[[0,-7.395],[0,0],[-7.838,0],[0,0],[0,7.39],[0,0],[7.832,0],[0,0]],"v":[[596.775,536.924],[582.59,523.529],[497.46,523.529],[483.275,536.924],[483.275,598.529],[497.46,611.914],[582.59,611.914],[596.775,598.529]],"c":true}]}],"ix":1},"o":{"a":0,"k":100,"ix":3},"x":{"a":0,"k":0,"ix":4},"nm":"L"},{"inv":false,"mode":"a","pt":{"a":1,"k":[{"i":{"x":0.15,"y":1},"o":{"x":0.85,"y":0},"t":15,"s":[{"i":[[0,0],[1.991,4.201],[3.636,2.249],[4.676,0],[3.636,-2.248],[1.991,-4.201],[0,-5.524],[0,0],[-2.004,-4.149],[-3.649,-2.235],[-4.651,0],[-3.636,2.261],[-1.953,4.163],[0,5.525]],"o":[[0,-5.498],[-1.992,-4.201],[-3.636,-2.248],[-4.677,0],[-3.636,2.249],[-1.992,4.201],[0,0],[0.025,5.396],[2.004,4.15],[3.648,2.235],[4.702,0],[3.636,-2.261],[1.952,-4.163],[0,0]],"v":[[556.785,491.791],[553.798,477.241],[545.357,467.567],[532.889,464.195],[520.42,467.567],[511.98,477.241],[508.993,491.83],[508.993,494.605],[512.037,508.923],[520.517,518.501],[532.966,521.854],[545.473,518.462],[553.856,508.827],[556.785,494.296]],"c":true}]},{"t":45,"s":[{"i":[[-3.773,-1.8],[0,0],[0,0],[-0.884,-0.69],[-1.349,0],[-0.884,0.69],[0,1.051],[0,0],[0,0],[-1.125,1.729],[0,2.212],[2.039,2.015],[3.114,0],[0,-6.15]],"o":[[0,0],[0,0],[0,1.051],[0.884,0.69],[1.349,0],[0.884,-0.69],[0,0],[0,0],[1.885,-0.9],[1.125,-1.729],[0,-3.075],[-2.039,-2.015],[-6.228,0],[0,4.423]],"v":[[534.999,574.04],[534.999,578.552],[534.999,583.064],[536.43,585.758],[539.885,586.875],[543.339,585.758],[544.769,583.064],[544.769,578.552],[544.769,574.04],[549.376,570.01],[551.155,564.013],[547.856,556.139],[539.885,552.878],[528.608,564.013]],"c":true}]}],"ix":1},"o":{"a":0,"k":100,"ix":3},"x":{"a":0,"k":0,"ix":4},"nm":"O"},{"inv":false,"mode":"s","pt":{"a":1,"k":[{"i":{"x":0.15,"y":1},"o":{"x":0.85,"y":0},"t":15,"s":[{"i":[[0,0],[1.991,4.201],[3.636,2.249],[4.676,0],[3.636,-2.248],[1.991,-4.201],[0,-5.524],[0,0],[-2.004,-4.149],[-3.649,-2.235],[-4.651,0],[-3.636,2.261],[-1.953,4.163],[0,5.525]],"o":[[0,-5.498],[-1.992,-4.201],[-3.636,-2.248],[-4.677,0],[-3.636,2.249],[-1.992,4.201],[0,0],[0.025,5.396],[2.004,4.15],[3.648,2.235],[4.702,0],[3.636,-2.261],[1.952,-4.163],[0,0]],"v":[[556.785,491.791],[553.798,477.241],[545.357,467.567],[532.889,464.195],[520.42,467.567],[511.98,477.241],[508.993,491.83],[508.993,494.605],[512.037,508.923],[520.517,518.501],[532.966,521.854],[545.473,518.462],[553.856,508.827],[556.785,494.296]],"c":true}]},{"t":45,"s":[{"i":[[-3.773,-1.8],[0,0],[0,0],[-0.884,-0.69],[-1.349,0],[-0.884,0.69],[0,1.051],[0,0],[0,0],[-1.125,1.729],[0,2.212],[2.039,2.015],[3.114,0],[0,-6.15]],"o":[[0,0],[0,0],[0,1.051],[0.884,0.69],[1.349,0],[0.884,-0.69],[0,0],[0,0],[1.885,-0.9],[1.125,-1.729],[0,-3.075],[-2.039,-2.015],[-6.228,0],[0,4.423]],"v":[[534.999,574.04],[534.999,578.552],[534.999,583.064],[536.43,585.758],[539.885,586.875],[543.339,585.758],[544.769,583.064],[544.769,578.552],[544.769,574.04],[549.376,570.01],[551.155,564.013],[547.856,556.139],[539.885,552.878],[528.608,564.013]],"c":true}]}],"ix":1},"o":{"a":1,"k":[{"i":{"x":[0.833],"y":[0.833]},"o":{"x":[0.167],"y":[0.167]},"t":29,"s":[7]},{"t":35,"s":[100]}],"ix":3},"x":{"a":0,"k":0,"ix":4},"nm":"O 2"},{"inv":false,"mode":"s","pt":{"a":1,"k":[{"i":{"x":0.15,"y":1},"o":{"x":0.85,"y":0},"t":15,"s":[{"i":[[0,0],[0.135,-1.284],[0.263,-1.11],[0.392,-0.935],[0.52,-0.761],[0.633,-0.571],[0.745,-0.381],[0.858,-0.19],[0.97,0],[1.516,0.79],[1.053,1.58],[0.527,2.223],[0,2.865],[0,0],[0,0],[-0.533,2.213],[-1.053,1.51],[-1.497,0.755],[-1.94,0],[-1.503,-0.765],[-1.053,-1.529],[-0.527,-2.236],[0,-2.942],[0,0]],"o":[[-0.006,1.458],[-0.135,1.284],[-0.263,1.11],[-0.392,0.936],[-0.52,0.761],[-0.633,0.571],[-0.745,0.381],[-0.858,0.19],[-1.979,0],[-1.516,-0.79],[-1.053,-1.58],[-0.527,-2.223],[0,0],[0,0],[0.013,-2.916],[0.533,-2.213],[1.053,-1.51],[1.497,-0.755],[1.952,0],[1.503,0.765],[1.053,1.529],[0.527,2.236],[0,0],[0,0]],"v":[[545.068,494.489],[544.856,498.602],[544.259,502.193],[543.276,505.261],[541.908,507.806],[540.179,509.804],[538.112,511.231],[535.707,512.088],[532.966,512.373],[527.724,511.188],[523.87,507.632],[521.5,501.928],[520.71,494.296],[520.71,492.928],[520.71,491.56],[521.529,483.866],[523.909,478.282],[527.734,474.885],[532.889,473.753],[538.073,474.9],[541.908,478.34],[544.278,483.987],[545.068,491.753],[545.068,493.121]],"c":true}]},{"t":45,"s":[{"i":[[0,0],[0,0],[0,0],[0,0],[0,0],[0,0],[0,0],[0,0],[0,0],[0,0],[0,0],[0,0],[0,0],[0,0],[0,0],[0,0],[0,0],[0,0],[0,0],[0,0],[0,0],[0,0],[0,0],[0,0]],"o":[[0,0],[0,0],[0,0],[0,0],[0,0],[0,0],[0,0],[0,0],[0,0],[0,0],[0,0],[0,0],[0,0],[0,0],[0,0],[0,0],[0,0],[0,0],[0,0],[0,0],[0,0],[0,0],[0,0],[0,0]],"v":[[550.409,491.572],[542.742,500.589],[542.814,500.802],[554.102,498.529],[554.102,505.701],[542.742,503.712],[542.671,503.925],[550.409,512.657],[544.091,516.349],[540.044,505.345],[539.902,505.416],[535.784,516.349],[529.679,512.657],[537.275,503.783],[537.275,503.641],[526.128,505.701],[526.128,498.529],[537.133,500.73],[537.204,500.589],[529.679,491.642],[535.997,488.022],[539.974,498.884],[540.115,498.884],[544.162,488.022]],"c":true}]}],"ix":1},"o":{"a":0,"k":100,"ix":3},"x":{"a":0,"k":0,"ix":4},"nm":"O"},{"inv":false,"mode":"a","pt":{"a":1,"k":[{"i":{"x":0.15,"y":1},"o":{"x":0.85,"y":0},"t":15,"s":[{"i":[[0,0],[0.135,-1.284],[0.263,-1.11],[0.392,-0.935],[0.52,-0.761],[0.633,-0.571],[0.745,-0.381],[0.858,-0.19],[0.97,0],[1.516,0.79],[1.053,1.58],[0.527,2.223],[0,2.865],[0,0],[0,0],[-0.533,2.213],[-1.053,1.51],[-1.497,0.755],[-1.94,0],[-1.503,-0.765],[-1.053,-1.529],[-0.527,-2.236],[0,-2.942],[0,0]],"o":[[-0.006,1.458],[-0.135,1.284],[-0.263,1.11],[-0.392,0.936],[-0.52,0.761],[-0.633,0.571],[-0.745,0.381],[-0.858,0.19],[-1.979,0],[-1.516,-0.79],[-1.053,-1.58],[-0.527,-2.223],[0,0],[0,0],[0.013,-2.916],[0.533,-2.213],[1.053,-1.51],[1.497,-0.755],[1.952,0],[1.503,0.765],[1.053,1.529],[0.527,2.236],[0,0],[0,0]],"v":[[545.068,494.489],[544.856,498.602],[544.259,502.193],[543.276,505.261],[541.908,507.806],[540.179,509.804],[538.112,511.231],[535.707,512.088],[532.966,512.373],[527.724,511.188],[523.87,507.632],[521.5,501.928],[520.71,494.296],[520.71,492.928],[520.71,491.56],[521.529,483.866],[523.909,478.282],[527.734,474.885],[532.889,473.753],[538.073,474.9],[541.908,478.34],[544.278,483.987],[545.068,491.753],[545.068,493.121]],"c":true}]},{"t":45,"s":[{"i":[[0,0],[0,0],[0,0],[0,0],[0,0],[0,0],[0,0],[0,0],[0,0],[0,0],[0,0],[0,0],[0,0],[0,0],[0,0],[0,0],[0,0],[0,0],[0,0],[0,0],[0,0],[0,0],[0,0],[0,0]],"o":[[0,0],[0,0],[0,0],[0,0],[0,0],[0,0],[0,0],[0,0],[0,0],[0,0],[0,0],[0,0],[0,0],[0,0],[0,0],[0,0],[0,0],[0,0],[0,0],[0,0],[0,0],[0,0],[0,0],[0,0]],"v":[[550.409,491.572],[542.742,500.589],[542.814,500.802],[554.102,498.529],[554.102,505.701],[542.742,503.712],[542.671,503.925],[550.409,512.657],[544.091,516.349],[540.044,505.345],[539.902,505.416],[535.784,516.349],[529.679,512.657],[537.275,503.783],[537.275,503.641],[526.128,505.701],[526.128,498.529],[537.133,500.73],[537.204,500.589],[529.679,491.642],[535.997,488.022],[539.974,498.884],[540.115,498.884],[544.162,488.022]],"c":true}]}],"ix":1},"o":{"a":1,"k":[{"i":{"x":[0.833],"y":[0.833]},"o":{"x":[0.167],"y":[0.167]},"t":29,"s":[7]},{"t":35,"s":[100]}],"ix":3},"x":{"a":0,"k":0,"ix":4},"nm":"O 3"},{"inv":false,"mode":"a","pt":{"a":1,"k":[{"i":{"x":0.15,"y":1},"o":{"x":0.85,"y":0},"t":15,"s":[{"i":[[0,0],[0,0],[0,0],[0,0],[0,0],[4.342,0],[2.235,3.006],[0,5.884],[0,0],[-2.056,2.955],[-3.931,0],[-1.76,-1.49],[-0.514,-3.212],[0,0],[3.751,3.174],[6.655,0],[3.559,-2.171],[1.889,-4.098],[0,-5.601],[0,0],[-1.992,-4.034],[-3.662,-2.12],[-4.856,0],[-3.803,1.374],[-2.081,2.493]],"o":[[0,0],[0,0],[0,0],[0,0],[-1.85,1.85],[-4.317,0],[-2.235,-3.006],[0,0],[0.025,-5.833],[2.055,-2.955],[3.083,0],[1.76,1.491],[0,0],[-0.694,-6.064],[-3.752,-3.173],[-4.779,0],[-3.559,2.172],[-1.889,4.099],[0,0],[0.051,5.448],[1.991,4.034],[3.661,2.12],[4.625,0],[3.802,-1.374],[0,0]],"v":[[612.363,491.598],[590.279,491.598],[590.279,500.116],[600.801,500.116],[600.801,509.79],[591.512,512.565],[581.684,508.056],[578.33,494.72],[578.33,491.136],[581.452,477.954],[590.433,473.522],[597.698,475.757],[601.109,482.811],[612.363,482.811],[605.696,468.955],[590.086,464.195],[577.579,467.452],[569.408,476.856],[566.575,491.406],[566.575,495.221],[569.639,509.444],[578.118,518.674],[590.895,521.854],[603.537,519.792],[612.363,513.992]],"c":true}]},{"i":{"x":0.15,"y":1},"o":{"x":0.167,"y":0},"t":45,"s":[{"i":[[0,0],[-1.945,3.321],[-3.321,1.945],[-4.127,0],[0,0],[0,0],[-4.056,-4.056],[0,-6.19],[0,0],[0,0],[0,0],[0,0],[0,0],[0,0],[5.55,5.551],[8.472,0],[0,0],[0,0],[5.55,-5.551],[0,-8.474],[0,0],[0,0],[0,0],[0,0],[0,0]],"o":[[0,-4.127],[1.945,-3.321],[3.321,-1.945],[0,0],[0,0],[6.188,0],[4.056,4.056],[0,0],[0,0],[0,0],[0,0],[0,0],[0,0],[0,-8.474],[-5.55,-5.551],[0,0],[0,0],[-8.468,0],[-5.55,5.551],[0,0],[0,0],[0,0],[0,0],[0,0],[0,0]],"v":[[510.498,502.931],[513.558,491.618],[521.599,483.577],[532.913,480.517],[540.153,480.517],[547.393,480.517],[563.241,487.082],[569.806,502.931],[569.806,510.777],[569.806,518.623],[577.751,518.623],[585.696,518.623],[585.696,508.403],[585.696,498.182],[576.714,476.487],[555.023,467.503],[540.15,467.503],[525.278,467.503],[503.592,476.487],[494.608,498.182],[494.608,508.403],[494.608,518.623],[502.553,518.623],[510.498,518.623],[510.498,510.777]],"c":true}]},{"i":{"x":0.15,"y":1},"o":{"x":0.85,"y":0},"t":140,"s":[{"i":[[0,0],[-1.945,3.321],[-3.321,1.945],[-4.127,0],[0,0],[0,0],[-4.056,-4.056],[0,-6.19],[0,0],[0,0],[0,0],[0,0],[0,0],[0,0],[5.55,5.551],[8.472,0],[0,0],[0,0],[5.55,-5.551],[0,-8.474],[0,0],[0,0],[0,0],[0,0],[0,0]],"o":[[0,-4.127],[1.945,-3.321],[3.321,-1.945],[0,0],[0,0],[6.188,0],[4.056,4.056],[0,0],[0,0],[0,0],[0,0],[0,0],[0,0],[0,-8.474],[-5.55,-5.551],[0,0],[0,0],[-8.468,0],[-5.55,5.551],[0,0],[0,0],[0,0],[0,0],[0,0],[0,0]],"v":[[510.498,502.931],[513.558,491.618],[521.599,483.577],[532.913,480.517],[540.153,480.517],[547.393,480.517],[563.241,487.082],[569.806,502.931],[569.806,510.777],[569.806,518.623],[577.751,518.623],[585.696,518.623],[585.696,508.403],[585.696,498.182],[576.714,476.487],[555.023,467.503],[540.15,467.503],[525.278,467.503],[503.592,476.487],[494.608,498.182],[494.608,508.403],[494.608,518.623],[502.553,518.623],[510.498,518.623],[510.498,510.777]],"c":true}]},{"t":150,"s":[{"i":[[0,0],[0.973,3.723],[-0.973,3.723],[-2.918,2.918],[0,0],[0,0],[-5.736,0],[-4.377,-4.377],[0,0],[0,0],[0,0],[0,0],[0,0],[0,0],[7.85,0.001],[5.991,-5.99],[0,0],[0,0],[-0.001,-7.85],[-5.992,-5.992],[0,0],[0,0],[0,0],[0,0],[0,0]],"o":[[-2.918,-2.918],[-0.973,-3.723],[0.973,-3.723],[0,0],[0,0],[4.376,-4.376],[5.736,0],[0,0],[0,0],[0,0],[0,0],[0,0],[0,0],[-5.991,-5.992],[-7.85,-0.001],[0,0],[0,0],[-5.988,5.988],[0.001,7.85],[0,0],[0,0],[0,0],[0,0],[0,0],[0,0]],"v":[[495.306,497.75],[489.47,487.586],[489.471,476.215],[495.307,466.051],[500.427,460.932],[505.546,455.812],[521.394,449.248],[537.243,455.813],[542.791,461.361],[548.339,466.909],[553.957,461.291],[559.576,455.673],[552.349,448.446],[545.121,441.219],[523.429,432.231],[501.739,441.215],[491.222,451.731],[480.706,462.248],[471.725,483.935],[480.713,505.627],[487.94,512.855],[495.167,520.082],[500.785,514.464],[506.403,508.846],[500.855,503.298]],"c":true}]}],"ix":1},"o":{"a":0,"k":100,"ix":3},"x":{"a":0,"k":0,"ix":4},"nm":"G"},{"inv":false,"mode":"a","pt":{"a":1,"k":[{"i":{"x":0.15,"y":1},"o":{"x":0.85,"y":0},"t":15,"s":[{"i":[[0,0],[0,0],[0,0],[0,0]],"o":[[0,0],[0,0],[0,0],[0,0]],"v":[[516.219,559.688],[504.657,559.688],[504.657,615.805],[516.219,615.805]],"c":true}]},{"t":45,"s":[{"i":[[0,0],[0,0],[0,0],[0,0]],"o":[[0,0],[0,0],[0,0],[0,0]],"v":[[578.621,550.68],[578.621,557.511],[597.14,557.511],[597.14,550.68]],"c":true}]}],"ix":1},"o":{"a":1,"k":[{"i":{"x":[0.833],"y":[0.833]},"o":{"x":[0.167],"y":[0.167]},"t":30,"s":[100]},{"t":39,"s":[0]}],"ix":3},"x":{"a":0,"k":0,"ix":4},"nm":"I"},{"inv":false,"mode":"s","pt":{"a":1,"k":[{"i":{"x":0.15,"y":1},"o":{"x":0.85,"y":0},"t":15,"s":[{"i":[[0,0],[0,0],[0,0],[0,0]],"o":[[0,0],[0,0],[0,0],[0,0]],"v":[[516.219,559.688],[504.657,559.688],[504.657,615.805],[516.219,615.805]],"c":true}]},{"t":45,"s":[{"i":[[0,0],[0,0],[0,0],[0,0]],"o":[[0,0],[0,0],[0,0],[0,0]],"v":[[578.621,550.68],[578.621,557.511],[597.14,557.511],[597.14,550.68]],"c":true}]}],"ix":1},"o":{"a":1,"k":[{"i":{"x":[0.833],"y":[0.833]},"o":{"x":[0.167],"y":[0.167]},"t":30,"s":[0]},{"t":39,"s":[100]}],"ix":3},"x":{"a":0,"k":0,"ix":4},"nm":"I 2"},{"inv":false,"mode":"a","pt":{"a":1,"k":[{"i":{"x":0.15,"y":1},"o":{"x":0.85,"y":0},"t":15,"s":[{"i":[[0,0],[0,0],[0,0],[0,0],[0,0],[0,0],[0,0],[0,0],[0,0],[0,0]],"o":[[0,0],[0,0],[0,0],[0,0],[0,0],[0,0],[0,0],[0,0],[0,0],[0,0]],"v":[[575.343,559.688],[563.819,559.688],[563.819,596.688],[541.272,559.688],[529.709,559.688],[529.709,615.805],[541.272,615.805],[541.272,578.882],[563.781,615.805],[575.343,615.805]],"c":true}]},{"t":45,"s":[{"i":[[0,0],[0,0],[0,0],[0,0],[0,0],[0,0],[0,0],[0,0],[0,0],[0,0]],"o":[[0,0],[0,0],[0,0],[0,0],[0,0],[0,0],[0,0],[0,0],[0,0],[0,0]],"v":[[578.641,569.439],[578.654,576.484],[597.206,576.478],[597.135,594.227],[597.121,587.28],[578.654,587.285],[578.668,594.232],[597.074,594.232],[597.121,576.499],[597.108,569.433]],"c":true}]}],"ix":1},"o":{"a":1,"k":[{"i":{"x":[0.833],"y":[0.833]},"o":{"x":[0.167],"y":[0.167]},"t":30,"s":[100]},{"t":39,"s":[0]}],"ix":3},"x":{"a":0,"k":0,"ix":4},"nm":"N"},{"inv":false,"mode":"s","pt":{"a":1,"k":[{"i":{"x":0.15,"y":1},"o":{"x":0.85,"y":0},"t":15,"s":[{"i":[[0,0],[0,0],[0,0],[0,0],[0,0],[0,0],[0,0],[0,0],[0,0],[0,0]],"o":[[0,0],[0,0],[0,0],[0,0],[0,0],[0,0],[0,0],[0,0],[0,0],[0,0]],"v":[[575.343,559.688],[563.819,559.688],[563.819,596.688],[541.272,559.688],[529.709,559.688],[529.709,615.805],[541.272,615.805],[541.272,578.882],[563.781,615.805],[575.343,615.805]],"c":true}]},{"t":45,"s":[{"i":[[0,0],[0,0],[0,0],[0,0],[0,0],[0,0],[0,0],[0,0],[0,0],[0,0]],"o":[[0,0],[0,0],[0,0],[0,0],[0,0],[0,0],[0,0],[0,0],[0,0],[0,0]],"v":[[578.641,569.439],[578.654,576.484],[597.206,576.478],[597.135,594.227],[597.121,587.28],[578.654,587.285],[578.668,594.232],[597.074,594.232],[597.121,576.499],[597.108,569.433]],"c":true}]}],"ix":1},"o":{"a":1,"k":[{"i":{"x":[0.833],"y":[0.833]},"o":{"x":[0.167],"y":[0.167]},"t":30,"s":[0]},{"t":39,"s":[100]}],"ix":3},"x":{"a":0,"k":0,"ix":4},"nm":"N 2"}],"sw":1080,"sh":1080,"sc":"#ffffff","ip":0,"op":3667.2,"st":0,"bm":0},{"ddd":0,"ind":41,"ty":4,"nm":"Light SIde","sr":1,"ks":{"o":{"a":0,"k":100,"ix":11},"r":{"a":0,"k":0,"ix":10},"p":{"a":0,"k":[540,540,0],"ix":2},"a":{"a":0,"k":[-14,32,0],"ix":1},"s":{"a":1,"k":[{"i":{"x":[0.833,0.833,0.833],"y":[1,1,1]},"o":{"x":[0.333,0.333,0.333],"y":[0,0,0]},"t":0,"s":[52.667,52.667,100]},{"i":{"x":[0.833,0.833,0.833],"y":[1,1,1]},"o":{"x":[0.167,0.167,0.167],"y":[0,0,0]},"t":2,"s":[50,50,100]},{"i":{"x":[0.667,0.667,0.667],"y":[1,1,1]},"o":{"x":[0.167,0.167,0.167],"y":[0,0,0]},"t":6,"s":[54,54,100]},{"t":29,"s":[52.667,52.667,100]}],"ix":6}},"ao":0,"shapes":[{"ty":"gr","it":[{"ty":"rc","d":1,"s":{"a":0,"k":[600,600],"ix":2},"p":{"a":0,"k":[0,0],"ix":3},"r":{"a":0,"k":91,"ix":4},"nm":"Rectangle Path 1","mn":"ADBE Vector Shape - Rect","hd":false},{"ty":"st","c":{"a":0,"k":[1,1,1,1],"ix":3},"o":{"a":0,"k":100,"ix":4},"w":{"a":0,"k":0,"ix":5},"lc":1,"lj":1,"ml":4,"bm":0,"nm":"Stroke 1","mn":"ADBE Vector Graphic - Stroke","hd":false},{"ty":"fl","c":{"a":1,"k":[{"i":{"x":[1],"y":[1]},"o":{"x":[0.333],"y":[0]},"t":0,"s":[0.192156862745,0.192156862745,0.192156862745,1]},{"i":{"x":[0.667],"y":[1]},"o":{"x":[0.167],"y":[0]},"t":6,"s":[0.368627458811,0.368627458811,0.368627458811,1]},{"t":29,"s":[0.192156862745,0.192156862745,0.192156862745,1]}],"ix":4},"o":{"a":0,"k":50,"ix":5},"r":1,"bm":0,"nm":"Fill 1","mn":"ADBE Vector Graphic - Fill","hd":false},{"ty":"tr","p":{"a":0,"k":[-14,32],"ix":2},"a":{"a":0,"k":[0,0],"ix":1},"s":{"a":0,"k":[100,100],"ix":3},"r":{"a":0,"k":0,"ix":6},"o":{"a":0,"k":100,"ix":7},"sk":{"a":0,"k":0,"ix":4},"sa":{"a":0,"k":0,"ix":5},"nm":"Transform"}],"nm":"Rectangle 1","np":3,"cix":2,"bm":0,"ix":1,"mn":"ADBE Vector Group","hd":false}],"ip":0,"op":3667.2,"st":0,"bm":0}],"markers":[],"chars":[{"ch":"0","size":123,"style":"Bold","w":57.37,"data":{"shapes":[{"ty":"gr","it":[{"ind":0,"ty":"sh","ix":1,"ks":{"a":0,"k":{"i":[[0,0],[4.102,5.095],[7.747,0],[4.118,-5.143],[0,-9.928],[0,0],[-4.102,-5.11],[-7.748,0],[-4.07,5.209],[0,9.831]],"o":[[-0.098,-9.538],[-4.102,-5.094],[-7.748,0],[-4.118,5.144],[0,0],[0.098,9.538],[4.102,5.111],[7.845,0],[4.069,-5.208],[0,0]],"v":[[52.686,-42.48],[46.387,-64.429],[28.613,-72.07],[10.815,-64.355],[4.639,-41.748],[4.639,-28.662],[10.938,-6.689],[28.711,0.977],[46.582,-6.836],[52.686,-29.395]],"c":true},"ix":2},"nm":"0","mn":"ADBE Vector Shape - Group","hd":false},{"ind":1,"ty":"sh","ix":2,"ks":{"a":0,"k":{"i":[[0,0],[1.53,-2.704],[3.45,0],[1.579,2.818],[0,5.8],[0,0],[-1.579,2.558],[-3.32,0],[-1.611,-2.688],[0,-5.898]],"o":[[-0.066,5.573],[-1.53,2.705],[-3.484,0],[-1.579,-2.818],[0,0],[0.098,-5.441],[1.579,-2.557],[3.418,0],[1.611,2.689],[0,0]],"v":[[38.574,-26.871],[36.182,-14.457],[28.711,-10.4],[21.118,-14.628],[18.75,-27.556],[18.75,-44.858],[21.265,-56.857],[28.613,-60.693],[36.157,-56.661],[38.574,-43.782]],"c":true},"ix":2},"nm":"0","mn":"ADBE Vector Shape - Group","hd":false}],"nm":"0","np":5,"cix":2,"bm":0,"ix":1,"mn":"ADBE Vector Group","hd":false}]},"fFamily":"Roboto"},{"ch":"1","size":123,"style":"Bold","w":57.37,"data":{"shapes":[{"ty":"gr","it":[{"ind":0,"ty":"sh","ix":1,"ks":{"a":0,"k":{"i":[[0,0],[0,0],[0,0],[0,0],[0,0],[0,0],[0,0]],"o":[[0,0],[0,0],[0,0],[0,0],[0,0],[0,0],[0,0]],"v":[[39.111,-71.191],[37.598,-71.191],[8.154,-60.645],[8.154,-49.17],[25,-54.395],[25,0],[39.111,0]],"c":true},"ix":2},"nm":"1","mn":"ADBE Vector Shape - Group","hd":false}],"nm":"1","np":3,"cix":2,"bm":0,"ix":1,"mn":"ADBE Vector Group","hd":false}]},"fFamily":"Roboto"},{"ch":"2","size":123,"style":"Bold","w":57.37,"data":{"shapes":[{"ty":"gr","it":[{"ind":0,"ty":"sh","ix":1,"ks":{"a":0,"k":{"i":[[0,0],[0,0],[0,0],[-1.823,3.646],[0,3.516],[4.053,3.516],[7.324,0],[3.776,-2.034],[2.067,-3.58],[0,-4.329],[0,0],[-1.839,2.197],[-3.191,0],[-1.595,-1.807],[0,-3.157],[1.514,-2.571],[3.157,-3.45],[0,0],[0,0],[0,0]],"o":[[0,0],[0,0],[4.427,-4.85],[1.823,-3.645],[0,-6.413],[-4.053,-3.516],[-4.785,0],[-3.777,2.035],[-2.068,3.581],[0,0],[0,-3.58],[1.839,-2.197],[2.962,0],[1.595,1.807],[0,2.312],[-1.514,2.572],[0,0],[0,0],[0,0],[0,0]],"v":[[53.564,-11.377],[22.998,-11.377],[39.16,-28.418],[48.535,-41.162],[51.27,-51.904],[45.19,-66.797],[28.125,-72.07],[15.283,-69.019],[6.519,-60.596],[3.418,-48.73],[17.578,-48.73],[20.337,-57.397],[27.881,-60.693],[34.717,-57.983],[37.109,-50.537],[34.839,-43.213],[27.832,-34.18],[4.834,-9.668],[4.834,0],[53.564,0]],"c":true},"ix":2},"nm":"2","mn":"ADBE Vector Shape - Group","hd":false}],"nm":"2","np":3,"cix":2,"bm":0,"ix":1,"mn":"ADBE Vector Group","hd":false}]},"fFamily":"Roboto"},{"ch":"3","size":123,"style":"Bold","w":57.37,"data":{"shapes":[{"ty":"gr","it":[{"ind":0,"ty":"sh","ix":1,"ks":{"a":0,"k":{"i":[[0,0],[0,0],[0,-7.096],[1.904,-1.774],[3.352,0],[2.002,1.693],[0,2.67],[0,0],[-4.509,-3.743],[-7.097,0],[-4.607,3.809],[0,6.316],[1.969,2.865],[4.004,1.433],[-1.986,2.734],[0,3.255],[4.264,3.597],[7.52,0],[3.596,-1.66],[2.002,-2.946],[0,-3.711],[0,0],[-1.823,1.482],[-2.702,0],[-1.709,-1.595],[0,-2.864],[1.725,-1.79],[3.58,0],[0,0]],"o":[[0,0],[7.812,0],[0,2.93],[-1.904,1.775],[-2.93,0],[-2.002,-1.692],[0,0],[0,6.152],[4.508,3.744],[7.584,0],[4.606,-3.809],[0,-3.906],[-1.97,-2.864],[3.223,-1.465],[1.985,-2.734],[0,-6.315],[-4.265,-3.596],[-4.33,0],[-3.597,1.66],[-2.002,2.946],[0,0],[0,-2.376],[1.823,-1.481],[2.995,0],[1.709,1.595],[0,2.962],[-1.726,1.791],[0,0],[0,0]],"v":[[19.189,-30.762],[26.66,-30.762],[38.379,-20.117],[35.522,-13.062],[27.637,-10.4],[20.239,-12.939],[17.236,-19.482],[3.125,-19.482],[9.888,-4.639],[27.295,0.977],[45.581,-4.736],[52.49,-19.922],[49.536,-30.078],[40.576,-36.523],[48.389,-42.822],[51.367,-51.807],[44.971,-66.675],[27.295,-72.07],[15.405,-69.58],[7.007,-62.671],[4.004,-52.686],[18.115,-52.686],[20.85,-58.472],[27.637,-60.693],[34.692,-58.301],[37.256,-51.611],[34.668,-44.482],[26.709,-41.797],[19.189,-41.797]],"c":true},"ix":2},"nm":"3","mn":"ADBE Vector Shape - Group","hd":false}],"nm":"3","np":3,"cix":2,"bm":0,"ix":1,"mn":"ADBE Vector Group","hd":false}]},"fFamily":"Roboto"},{"ch":"4","size":123,"style":"Bold","w":57.37,"data":{"shapes":[{"ty":"gr","it":[{"ind":0,"ty":"sh","ix":1,"ks":{"a":0,"k":{"i":[[0,0],[0,0],[0,0],[0,0],[0,0],[0,0],[0,0],[0,0],[0,0],[0,0],[0,0]],"o":[[0,0],[0,0],[0,0],[0,0],[0,0],[0,0],[0,0],[0,0],[0,0],[0,0],[0,0]],"v":[[46.582,-71.094],[32.324,-71.094],[2.686,-24.268],[3.32,-15.381],[32.471,-15.381],[32.471,0],[46.582,0],[46.582,-15.381],[54.639,-15.381],[54.639,-26.758],[46.582,-26.758]],"c":true},"ix":2},"nm":"4","mn":"ADBE Vector Shape - Group","hd":false},{"ind":1,"ty":"sh","ix":2,"ks":{"a":0,"k":{"i":[[0,0],[0,0],[0,0],[0,0]],"o":[[0,0],[0,0],[0,0],[0,0]],"v":[[31.543,-50.244],[32.471,-51.855],[32.471,-26.758],[16.748,-26.758]],"c":true},"ix":2},"nm":"4","mn":"ADBE Vector Shape - Group","hd":false}],"nm":"4","np":5,"cix":2,"bm":0,"ix":1,"mn":"ADBE Vector Group","hd":false}]},"fFamily":"Roboto"},{"ch":"5","size":123,"style":"Bold","w":57.37,"data":{"shapes":[{"ty":"gr","it":[{"ind":0,"ty":"sh","ix":1,"ks":{"a":0,"k":{"i":[[0,0],[0,0],[-3.353,0],[-1.986,-2.148],[0,-4.036],[1.725,-2.295],[3.19,0],[1.774,1.644],[0.293,2.962],[0,0],[-2.132,-3.157],[-3.679,-1.741],[-4.297,0],[-3.613,2.002],[-1.937,3.63],[0,4.59],[3.841,4.199],[6.77,0],[3.352,-1.79],[0,0],[0,0],[0,0],[0,0],[0,0]],"o":[[0,0],[2.083,-1.758],[3.645,0],[1.985,2.148],[0,4.199],[-1.726,2.295],[-2.865,0],[-1.775,-1.643],[0,0],[0.13,4.037],[2.132,3.158],[3.678,1.741],[4.915,0],[3.613,-2.002],[1.936,-3.629],[0,-7.552],[-3.841,-4.199],[-3.777,0],[0,0],[0,0],[0,0],[0,0],[0,0],[0,0]],"v":[[18.164,-32.178],[19.531,-33.447],[27.686,-36.084],[36.133,-32.861],[39.111,-23.584],[36.523,-13.843],[29.15,-10.4],[22.192,-12.866],[19.092,-19.775],[5.127,-19.775],[8.521,-8.984],[17.236,-1.636],[29.199,0.977],[41.992,-2.026],[50.317,-10.474],[53.223,-22.803],[47.461,-40.43],[31.543,-46.729],[20.85,-44.043],[22.607,-59.326],[50.879,-59.326],[50.879,-71.094],[11.035,-71.094],[6.934,-34.961]],"c":true},"ix":2},"nm":"5","mn":"ADBE Vector Shape - Group","hd":false}],"nm":"5","np":3,"cix":2,"bm":0,"ix":1,"mn":"ADBE Vector Group","hd":false}]},"fFamily":"Roboto"},{"ch":"6","size":123,"style":"Bold","w":57.37,"data":{"shapes":[{"ty":"gr","it":[{"ind":0,"ty":"sh","ix":1,"ks":{"a":0,"k":{"i":[[0,0],[5.452,-3.239],[2.913,-5.908],[0,-7.715],[0,0],[-4.607,-5.208],[-7.487,0],[-3.662,2.084],[-2.002,3.744],[0,4.623],[3.645,4.427],[6.184,0],[3.776,-3.841],[-3.89,3.223],[-6.38,0.098],[0,0],[0,0]],"o":[[-7.195,0.033],[-5.453,3.239],[-2.914,5.908],[0,0],[0,8.691],[4.606,5.209],[4.622,0],[3.662,-2.083],[2.002,-3.743],[0,-7.227],[-3.646,-4.427],[-5.762,0],[0.781,-5.729],[3.889,-3.223],[0,0],[0,0],[0,0]],"v":[[40.771,-71.826],[21.802,-66.919],[9.253,-53.198],[4.883,-32.764],[4.883,-27.686],[11.792,-6.836],[29.932,0.977],[42.358,-2.148],[50.854,-10.889],[53.857,-23.438],[48.389,-40.918],[33.643,-47.559],[19.336,-41.797],[26.343,-55.225],[41.748,-60.205],[43.115,-60.205],[43.115,-71.826]],"c":true},"ix":2},"nm":"6","mn":"ADBE Vector Shape - Group","hd":false},{"ind":1,"ty":"sh","ix":2,"ks":{"a":0,"k":{"i":[[-1.888,-2.371],[0,-3.867],[1.871,-2.388],[3.027,0],[1.855,2.648],[0,4.712],[0,0],[-1.855,1.186],[-2.279,0]],"o":[[1.888,2.372],[0,3.802],[-1.872,2.388],[-3.353,0],[-1.855,-2.647],[0,0],[0.879,-1.949],[1.855,-1.186],[3.19,0]],"v":[[36.963,-32.624],[39.795,-23.267],[36.987,-13.982],[29.639,-10.4],[21.826,-14.372],[19.043,-25.411],[19.043,-29.7],[23.145,-34.402],[29.346,-36.182]],"c":true},"ix":2},"nm":"6","mn":"ADBE Vector Shape - Group","hd":false}],"nm":"6","np":5,"cix":2,"bm":0,"ix":1,"mn":"ADBE Vector Group","hd":false}]},"fFamily":"Roboto"},{"ch":"7","size":123,"style":"Bold","w":57.37,"data":{"shapes":[{"ty":"gr","it":[{"ind":0,"ty":"sh","ix":1,"ks":{"a":0,"k":{"i":[[0,0],[0,0],[0,0],[0,0],[0,0],[0,0],[0,0]],"o":[[0,0],[0,0],[0,0],[0,0],[0,0],[0,0],[0,0]],"v":[[53.174,-71.094],[2.979,-71.094],[2.979,-59.717],[38.33,-59.717],[10.791,0],[25.684,0],[53.174,-63.217]],"c":true},"ix":2},"nm":"7","mn":"ADBE Vector Shape - Group","hd":false}],"nm":"7","np":3,"cix":2,"bm":0,"ix":1,"mn":"ADBE Vector Group","hd":false}]},"fFamily":"Roboto"},{"ch":"8","size":123,"style":"Bold","w":57.37,"data":{"shapes":[{"ty":"gr","it":[{"ind":0,"ty":"sh","ix":1,"ks":{"a":0,"k":{"i":[[4.053,3.564],[6.901,0],[4.036,-3.596],[0,-6.055],[-1.709,-2.669],[-3.027,-1.595],[2.018,-2.93],[0,-3.938],[-4.33,-3.678],[-7.39,0],[-4.297,3.662],[0,6.316],[2.018,2.914],[3.45,1.66],[-1.726,2.67],[0,3.451]],"o":[[-4.053,-3.564],[-6.934,0],[-4.037,3.597],[0,3.451],[1.709,2.67],[-3.418,1.628],[-2.019,2.93],[0,6.283],[4.329,3.679],[7.389,0],[4.297,-3.662],[0,-3.938],[-2.019,-2.913],[3.027,-1.595],[1.725,-2.669],[0,-6.12]],"v":[[45.093,-66.724],[28.662,-72.07],[12.207,-66.675],[6.152,-52.197],[8.716,-43.018],[15.82,-36.621],[7.666,-29.785],[4.639,-19.482],[11.133,-4.541],[28.711,0.977],[46.24,-4.517],[52.686,-19.482],[49.658,-29.761],[41.455,-36.621],[48.584,-43.018],[51.172,-52.197]],"c":true},"ix":2},"nm":"8","mn":"ADBE Vector Shape - Group","hd":false},{"ind":1,"ty":"sh","ix":2,"ks":{"a":0,"k":{"i":[[1.741,-1.79],[3.059,0],[1.758,1.855],[0,3.027],[-1.791,1.839],[-2.995,0],[-1.791,-1.855],[0,-3.092]],"o":[[-1.742,1.791],[-3.125,0],[-1.758,-1.855],[0,-3.125],[1.79,-1.839],[3.027,0],[1.79,1.855],[0,3.158]],"v":[[35.913,-13.086],[28.711,-10.4],[21.387,-13.184],[18.75,-20.508],[21.436,-27.954],[28.613,-30.713],[35.84,-27.93],[38.525,-20.508]],"c":true},"ix":2},"nm":"8","mn":"ADBE Vector Shape - Group","hd":false},{"ind":2,"ty":"sh","ix":3,"ks":{"a":0,"k":{"i":[[1.448,-1.725],[2.669,0],[1.465,1.726],[0,2.832],[-1.465,1.628],[-2.637,0],[-1.465,-1.676],[0,-2.766]],"o":[[-1.449,1.726],[-2.67,0],[-1.465,-1.725],[0,-2.864],[1.465,-1.627],[2.669,0],[1.465,1.677],[0,2.832]],"v":[[34.888,-44.678],[28.711,-42.09],[22.51,-44.678],[20.312,-51.514],[22.51,-58.252],[28.662,-60.693],[34.863,-58.179],[37.061,-51.514]],"c":true},"ix":2},"nm":"8","mn":"ADBE Vector Shape - Group","hd":false}],"nm":"8","np":6,"cix":2,"bm":0,"ix":1,"mn":"ADBE Vector Group","hd":false}]},"fFamily":"Roboto"},{"ch":"9","size":123,"style":"Bold","w":57.37,"data":{"shapes":[{"ty":"gr","it":[{"ind":0,"ty":"sh","ix":1,"ks":{"a":0,"k":{"i":[[12.272,-0.553],[0,0],[0,0],[0,0],[-5.892,6.771],[0,11.849],[0,0],[2.018,4.395],[3.645,2.344],[4.688,0],[3.645,-2.164],[2.034,-3.889],[0,-4.655],[-3.777,-4.313],[-6.283,0],[-3.679,3.613]],"o":[[0,0],[0,0],[0,0],[10.807,-0.456],[5.891,-6.77],[0,0],[-0.033,-5.664],[-2.019,-4.395],[-3.646,-2.344],[-4.558,0],[-3.646,2.165],[-2.035,3.89],[0,7.324],[3.776,4.314],[4.915,0],[-1.009,10.97]],"v":[[17.92,-11.133],[14.795,-11.084],[14.795,0.684],[18.262,0.635],[43.311,-10.205],[52.148,-38.135],[52.148,-43.359],[49.072,-58.447],[40.576,-68.555],[28.076,-72.07],[15.771,-68.823],[7.251,-59.741],[4.199,-46.924],[9.863,-29.468],[24.951,-22.998],[37.842,-28.418]],"c":true},"ix":2},"nm":"9","mn":"ADBE Vector Shape - Group","hd":false},{"ind":1,"ty":"sh","ix":2,"ks":{"a":0,"k":{"i":[[1.774,2.49],[0,3.874],[-1.823,2.588],[-2.832,0],[-1.823,-2.637],[0,-4.785],[0,0],[1.643,-1.172],[2.278,0]],"o":[[-1.775,-2.49],[0,-3.906],[1.823,-2.588],[3.059,0],[1.823,2.637],[0,0],[-0.847,1.66],[-1.644,1.172],[-3.223,0]],"v":[[20.923,-37.524],[18.262,-47.07],[20.996,-56.812],[27.979,-60.693],[35.303,-56.738],[38.037,-45.605],[38.037,-39.795],[34.302,-35.547],[28.418,-33.789]],"c":true},"ix":2},"nm":"9","mn":"ADBE Vector Shape - Group","hd":false}],"nm":"9","np":5,"cix":2,"bm":0,"ix":1,"mn":"ADBE Vector Group","hd":false}]},"fFamily":"Roboto"}]}